video_id,frame_number,child_id,age,child_present,adult_present,person_age_class
4,40,257511,3.84,0,1,adult
4,1400,257511,3.84,0,1,adult
4,5330,257511,3.84,1,0,child
4,5340,257511,3.84,1,0,child
4,5930,257511,3.84,1,0,child
4,6050,257511,3.84,1,0,child
4,6180,257511,3.84,1,0,child
4,6290,257511,3.84,1,0,child
4,6510,257511,3.84,1,0,child
4,6680,257511,3.84,1,0,child
4,6890,257511,3.84,1,1,both
4,6940,257511,3.84,1,1,both
4,7900,257511,3.84,1,0,child
4,8110,257511,3.84,1,0,child
4,8270,257511,3.84,1,0,child
4,8540,257511,3.84,1,0,child
4,8710,257511,3.84,1,0,child
4,8800,257511,3.84,1,0,child
4,12530,257511,3.84,1,0,child
4,13200,257511,3.84,0,1,adult
4,13910,257511,3.84,1,0,child
4,14080,257511,3.84,1,0,child
4,14130,257511,3.84,1,0,child
4,14160,257511,3.84,1,0,child
4,19170,257511,3.84,1,0,child
4,19780,257511,3.84,1,0,child
4,20610,257511,3.84,1,0,child
4,20620,257511,3.84,1,0,child
4,20650,257511,3.84,1,0,child
4,20720,257511,3.84,1,0,child
4,20820,257511,3.84,1,0,child
4,24930,257511,3.84,0,1,adult
4,25540,257511,3.84,1,0,child
8,50,266971,3.59,0,1,adult
8,180,266971,3.59,1,0,child
8,3750,266971,3.59,0,1,adult
8,4370,266971,3.59,0,1,adult
8,4640,266971,3.59,0,1,adult
8,4670,266971,3.59,0,1,adult
8,4970,266971,3.59,1,0,child
8,4980,266971,3.59,0,1,adult
8,7530,266971,3.59,1,0,child
8,9550,266971,3.59,0,1,adult
8,11520,266971,3.59,1,0,child
8,13310,266971,3.59,0,1,adult
8,14360,266971,3.59,1,0,child
8,14400,266971,3.59,0,1,adult
8,15430,266971,3.59,1,1,both
8,15770,266971,3.59,0,1,adult
8,16610,266971,3.59,0,1,adult
8,16760,266971,3.59,0,1,adult
8,17160,266971,3.59,0,1,adult
8,18170,266971,3.59,1,0,child
8,18210,266971,3.59,0,1,adult
8,18420,266971,3.59,1,1,both
8,18810,266971,3.59,0,1,adult
8,19500,266971,3.59,0,1,adult
8,19540,266971,3.59,0,1,adult
8,19620,266971,3.59,0,1,adult
8,20130,266971,3.59,1,1,both
8,20230,266971,3.59,1,0,child
8,20320,266971,3.59,0,1,adult
8,20340,266971,3.59,0,1,adult
8,20420,266971,3.59,0,1,adult
8,20540,266971,3.59,1,1,both
8,21220,266971,3.59,1,1,both
8,21270,266971,3.59,1,0,child
8,21390,266971,3.59,1,1,both
8,21990,266971,3.59,1,1,both
8,22070,266971,3.59,0,1,adult
8,22130,266971,3.59,1,1,both
8,22200,266971,3.59,0,1,adult
8,22630,266971,3.59,1,1,both
8,22840,266971,3.59,0,1,adult
8,25750,266971,3.59,0,1,adult
8,26000,266971,3.59,0,1,adult
8,28980,266971,3.59,1,0,child
8,29110,266971,3.59,1,0,child
8,30300,266971,3.59,0,1,adult
8,31070,266971,3.59,0,1,adult
8,32240,266971,3.59,0,1,adult
8,32780,266971,3.59,0,1,adult
8,33550,266971,3.59,0,1,adult
8,33740,266971,3.59,1,1,both
8,33900,266971,3.59,0,1,adult
8,34190,266971,3.59,1,1,both
8,34400,266971,3.59,0,1,adult
8,34600,266971,3.59,0,1,adult
8,34680,266971,3.59,1,1,both
8,34890,266971,3.59,1,1,both
8,35210,266971,3.59,1,1,both
8,35420,266971,3.59,0,1,adult
8,35570,266971,3.59,1,1,both
8,35940,266971,3.59,1,0,child
8,36260,266971,3.59,0,1,adult
8,37380,266971,3.59,0,1,adult
8,37610,266971,3.59,0,1,adult
8,39260,266971,3.59,1,0,child
8,39280,266971,3.59,1,0,child
8,40240,266971,3.59,1,0,child
8,41570,266971,3.59,0,1,adult
8,41880,266971,3.59,0,1,adult
8,42390,266971,3.59,0,1,adult
8,43180,266971,3.59,0,1,adult
8,43320,266971,3.59,0,1,adult
8,47550,266971,3.59,1,0,child
8,47970,266971,3.59,0,1,adult
8,49220,266971,3.59,1,0,child
8,49290,266971,3.59,1,0,child
8,49450,266971,3.59,1,0,child
8,49720,266971,3.59,1,0,child
8,49810,266971,3.59,1,0,child
8,50470,266971,3.59,1,0,child
8,50620,266971,3.59,1,0,child
8,51370,266971,3.59,0,1,adult
8,51750,266971,3.59,0,1,adult
8,52510,266971,3.59,0,1,adult
8,52900,266971,3.59,0,1,adult
20,45840,260694,4.13,0,1,adult
20,45910,260694,4.13,1,0,child
20,45980,260694,4.13,1,0,child
20,46060,260694,4.13,1,0,child
20,47290,260694,4.13,0,1,adult
20,47390,260694,4.13,0,1,adult
20,47480,260694,4.13,0,1,adult
20,47760,260694,4.13,1,0,child
20,48770,260694,4.13,1,1,both
20,48900,260694,4.13,1,0,child
20,48990,260694,4.13,1,0,child
20,49200,260694,4.13,1,0,child
20,49260,260694,4.13,1,1,both
20,49300,260694,4.13,0,1,adult
20,49620,260694,4.13,1,0,child
20,50130,260694,4.13,0,1,adult
20,50270,260694,4.13,1,1,both
20,50400,260694,4.13,0,1,adult
20,52790,260694,4.13,0,1,adult
20,52960,260694,4.13,0,1,adult
20,53250,260694,4.13,1,0,child
20,53520,260694,4.13,1,0,child
20,53930,260694,4.13,1,0,child
52,150,258704,4.79,1,0,child
52,340,258704,4.79,0,1,adult
52,3740,258704,4.79,0,1,adult
52,4760,258704,4.79,0,1,adult
52,4950,258704,4.79,0,1,adult
52,5120,258704,4.79,0,1,adult
52,5510,258704,4.79,0,1,adult
52,5720,258704,4.79,0,1,adult
52,6990,258704,4.79,0,1,adult
52,7180,258704,4.79,0,1,adult
52,7250,258704,4.79,0,1,adult
52,7440,258704,4.79,0,1,adult
52,9240,258704,4.79,0,1,adult
52,9430,258704,4.79,0,1,adult
52,9710,258704,4.79,0,1,adult
52,9940,258704,4.79,0,1,adult
52,10160,258704,4.79,1,1,both
52,11540,258704,4.79,1,0,child
52,11680,258704,4.79,1,0,child
52,12710,258704,4.79,0,1,adult
52,12730,258704,4.79,0,1,adult
52,12810,258704,4.79,0,1,adult
52,13110,258704,4.79,0,1,adult
52,13430,258704,4.79,0,1,adult
52,14050,258704,4.79,0,1,adult
52,14090,258704,4.79,0,1,adult
52,14430,258704,4.79,0,1,adult
52,14710,258704,4.79,0,1,adult
52,14840,258704,4.79,0,1,adult
52,14940,258704,4.79,0,1,adult
52,15400,258704,4.79,0,1,adult
52,16800,258704,4.79,0,1,adult
52,17020,258704,4.79,0,1,adult
52,17170,258704,4.79,0,1,adult
52,17220,258704,4.79,0,1,adult
52,17300,258704,4.79,0,1,adult
52,17390,258704,4.79,0,1,adult
52,18490,258704,4.79,0,1,adult
52,18680,258704,4.79,0,1,adult
52,18710,258704,4.79,0,1,adult
52,18850,258704,4.79,0,1,adult
52,19070,258704,4.79,0,1,adult
52,19390,258704,4.79,0,1,adult
52,21470,258704,4.79,0,1,adult
52,21920,258704,4.79,0,1,adult
52,22190,258704,4.79,0,1,adult
52,22810,258704,4.79,1,0,child
52,28340,258704,4.79,0,1,adult
52,29120,258704,4.79,1,1,both
52,29210,258704,4.79,1,1,both
52,29730,258704,4.79,0,1,adult
52,31110,258704,4.79,0,1,adult
52,31210,258704,4.79,0,1,adult
52,31370,258704,4.79,0,1,adult
52,31720,258704,4.79,0,1,adult
52,31920,258704,4.79,0,1,adult
52,32090,258704,4.79,0,1,adult
52,32940,258704,4.79,0,1,adult
52,35180,258704,4.79,0,1,adult
52,36760,258704,4.79,1,0,child
52,38950,258704,4.79,0,1,adult
52,39020,258704,4.79,0,1,adult
52,39930,258704,4.79,0,1,adult
52,40250,258704,4.79,0,1,adult
52,40360,258704,4.79,0,1,adult
52,40390,258704,4.79,0,1,adult
52,40920,258704,4.79,0,1,adult
52,40940,258704,4.79,0,1,adult
52,41010,258704,4.79,0,1,adult
52,41120,258704,4.79,0,1,adult
52,41390,258704,4.79,1,1,both
52,41880,258704,4.79,0,1,adult
52,41920,258704,4.79,0,1,adult
52,42030,258704,4.79,0,1,adult
52,43100,258704,4.79,0,1,adult
52,43240,258704,4.79,0,1,adult
52,44120,258704,4.79,1,1,both
52,44320,258704,4.79,0,1,adult
52,44540,258704,4.79,0,1,adult
52,45480,258704,4.79,0,1,adult
52,45650,258704,4.79,1,1,both
52,45700,258704,4.79,1,1,both
52,45760,258704,4.79,0,1,adult
52,45950,258704,4.79,0,1,adult
52,46820,258704,4.79,0,1,adult
52,46970,258704,4.79,0,1,adult
52,47460,258704,4.79,0,1,adult
52,48010,258704,4.79,0,1,adult
52,48200,258704,4.79,0,1,adult
52,48550,258704,4.79,0,1,adult
52,48620,258704,4.79,0,1,adult
52,49450,258704,4.79,0,1,adult
52,49520,258704,4.79,0,1,adult
52,49690,258704,4.79,0,1,adult
52,50460,258704,4.79,0,1,adult
52,51360,258704,4.79,0,1,adult
52,52170,258704,4.79,0,1,adult
52,52230,258704,4.79,0,1,adult
52,52670,258704,4.79,0,1,adult
52,52750,258704,4.79,0,1,adult
52,52980,258704,4.79,0,1,adult
52,53130,258704,4.79,0,1,adult
52,53140,258704,4.79,1,1,both
52,53520,258704,4.79,0,1,adult
56,4090,266606,4.54,0,1,adult
56,4460,266606,4.54,0,1,adult
56,5300,266606,4.54,0,1,adult
56,6000,266606,4.54,0,1,adult
56,6080,266606,4.54,0,1,adult
56,6540,266606,4.54,0,1,adult
56,8520,266606,4.54,0,1,adult
56,10000,266606,4.54,0,1,adult
56,10790,266606,4.54,0,1,adult
56,11030,266606,4.54,0,1,adult
56,11610,266606,4.54,0,1,adult
56,11830,266606,4.54,0,1,adult
56,11900,266606,4.54,1,0,child
56,12150,266606,4.54,0,1,adult
56,12510,266606,4.54,0,1,adult
56,12550,266606,4.54,0,1,adult
56,13450,266606,4.54,0,1,adult
56,13570,266606,4.54,0,1,adult
56,13590,266606,4.54,0,1,adult
56,13700,266606,4.54,0,1,adult
56,14590,266606,4.54,0,1,adult
56,15430,266606,4.54,0,1,adult
56,15800,266606,4.54,0,1,adult
56,15810,266606,4.54,0,1,adult
56,15910,266606,4.54,0,1,adult
56,16380,266606,4.54,0,1,adult
56,17470,266606,4.54,0,1,adult
56,17490,266606,4.54,0,1,adult
56,17670,266606,4.54,0,1,adult
56,17700,266606,4.54,0,1,adult
56,17850,266606,4.54,1,0,child
56,17870,266606,4.54,0,1,adult
56,18780,266606,4.54,0,1,adult
56,19300,266606,4.54,0,1,adult
64,870,260772,4.72,1,0,child
64,2720,260772,4.72,0,1,adult
64,3520,260772,4.72,1,0,child
64,4300,260772,4.72,0,1,adult
64,4730,260772,4.72,0,1,adult
64,5120,260772,4.72,0,1,adult
64,5860,260772,4.72,1,0,child
64,6160,260772,4.72,1,0,child
64,6510,260772,4.72,0,1,adult
64,10540,260772,4.72,1,1,both
64,11760,260772,4.72,0,1,adult
64,12500,260772,4.72,0,1,adult
64,12600,260772,4.72,0,1,adult
64,15470,260772,4.72,0,1,adult
64,15860,260772,4.72,0,1,adult
64,16050,260772,4.72,0,1,adult
64,16310,260772,4.72,0,1,adult
64,16670,260772,4.72,1,1,both
64,17460,260772,4.72,0,1,adult
64,17810,260772,4.72,0,1,adult
64,20910,260772,4.72,0,1,adult
64,21330,260772,4.72,0,1,adult
64,22760,260772,4.72,0,1,adult
64,25490,260772,4.72,0,1,adult
64,26460,260772,4.72,0,1,adult
64,26650,260772,4.72,0,1,adult
64,27490,260772,4.72,1,0,child
64,28130,260772,4.72,0,1,adult
64,28320,260772,4.72,0,1,adult
64,28500,260772,4.72,0,1,adult
64,30150,260772,4.72,1,0,child
64,32830,260772,4.72,0,1,adult
64,34240,260772,4.72,0,1,adult
64,34430,260772,4.72,0,1,adult
64,34560,260772,4.72,0,1,adult
64,38520,260772,4.72,0,1,adult
64,38660,260772,4.72,0,1,adult
64,38670,260772,4.72,0,1,adult
64,39400,260772,4.72,0,1,adult
64,39700,260772,4.72,0,1,adult
64,39920,260772,4.72,0,1,adult
64,40220,260772,4.72,0,1,adult
64,40340,260772,4.72,0,1,adult
64,40350,260772,4.72,0,1,adult
64,40710,260772,4.72,0,1,adult
64,42800,260772,4.72,0,1,adult
64,42820,260772,4.72,0,1,adult
64,44420,260772,4.72,0,1,adult
64,44740,260772,4.72,0,1,adult
64,45040,260772,4.72,0,1,adult
64,45710,260772,4.72,1,0,child
64,45800,260772,4.72,0,1,adult
64,45870,260772,4.72,1,1,both
64,45880,260772,4.72,1,1,both
64,46650,260772,4.72,0,1,adult
64,49000,260772,4.72,0,1,adult
64,49570,260772,4.72,0,1,adult
64,49640,260772,4.72,0,1,adult
64,50220,260772,4.72,0,1,adult
64,50280,260772,4.72,0,1,adult
64,51530,260772,4.72,1,0,child
64,52460,260772,4.72,1,0,child
75,170,257147,4.53,1,1,both
75,300,257147,4.53,0,1,adult
75,620,257147,4.53,1,0,child
75,990,257147,4.53,1,0,child
75,1000,257147,4.53,1,0,child
75,1570,257147,4.53,1,0,child
75,1700,257147,4.53,1,0,child
75,1970,257147,4.53,1,0,child
75,1990,257147,4.53,1,0,child
75,2400,257147,4.53,1,0,child
75,2850,257147,4.53,1,0,child
75,3060,257147,4.53,1,0,child
75,3180,257147,4.53,1,0,child
75,3250,257147,4.53,1,0,child
75,3640,257147,4.53,1,0,child
75,3720,257147,4.53,1,0,child
75,3840,257147,4.53,1,0,child
75,3860,257147,4.53,1,0,child
75,3910,257147,4.53,1,0,child
75,4270,257147,4.53,1,0,child
75,4330,257147,4.53,1,0,child
75,4410,257147,4.53,1,0,child
75,4950,257147,4.53,1,0,child
75,5110,257147,4.53,1,0,child
75,5190,257147,4.53,1,0,child
75,6050,257147,4.53,1,0,child
75,6440,257147,4.53,1,0,child
75,7130,257147,4.53,1,0,child
75,7340,257147,4.53,1,0,child
75,7860,257147,4.53,1,0,child
75,8160,257147,4.53,1,0,child
75,8290,257147,4.53,1,0,child
75,8650,257147,4.53,1,0,child
75,8660,257147,4.53,1,0,child
75,8900,257147,4.53,1,0,child
75,9610,257147,4.53,1,0,child
75,9690,257147,4.53,1,0,child
75,10610,257147,4.53,1,0,child
75,10790,257147,4.53,1,0,child
75,11290,257147,4.53,1,0,child
75,12360,257147,4.53,1,0,child
75,12580,257147,4.53,1,0,child
75,12990,257147,4.53,1,0,child
75,13180,257147,4.53,1,0,child
75,13270,257147,4.53,1,0,child
75,13630,257147,4.53,1,0,child
75,13660,257147,4.53,1,0,child
75,14090,257147,4.53,1,0,child
75,14230,257147,4.53,1,0,child
75,14400,257147,4.53,1,0,child
75,14480,257147,4.53,1,0,child
75,14540,257147,4.53,1,0,child
75,14590,257147,4.53,1,0,child
75,15110,257147,4.53,1,0,child
75,15130,257147,4.53,1,0,child
75,15210,257147,4.53,1,0,child
75,15400,257147,4.53,1,0,child
75,15460,257147,4.53,1,0,child
75,15750,257147,4.53,1,0,child
75,15860,257147,4.53,1,0,child
75,16100,257147,4.53,1,0,child
75,16530,257147,4.53,1,0,child
75,16570,257147,4.53,1,0,child
75,17070,257147,4.53,1,0,child
75,17620,257147,4.53,1,0,child
75,17760,257147,4.53,1,0,child
75,18970,257147,4.53,1,0,child
75,19140,257147,4.53,1,0,child
75,19220,257147,4.53,1,0,child
75,19320,257147,4.53,1,0,child
75,19470,257147,4.53,1,0,child
75,20030,257147,4.53,1,0,child
75,20310,257147,4.53,1,0,child
75,20470,257147,4.53,1,0,child
75,21380,257147,4.53,1,0,child
75,21440,257147,4.53,1,0,child
75,22460,257147,4.53,1,0,child
75,23200,257147,4.53,1,0,child
75,25250,257147,4.53,1,0,child
75,25510,257147,4.53,1,0,child
75,25850,257147,4.53,1,0,child
75,26080,257147,4.53,1,0,child
75,26200,257147,4.53,1,0,child
75,26300,257147,4.53,1,0,child
75,26580,257147,4.53,1,0,child
75,26670,257147,4.53,1,0,child
75,26680,257147,4.53,1,0,child
75,27210,257147,4.53,1,0,child
75,27500,257147,4.53,1,0,child
75,28610,257147,4.53,1,0,child
75,28930,257147,4.53,1,0,child
75,29390,257147,4.53,1,0,child
75,29400,257147,4.53,1,0,child
75,29770,257147,4.53,1,0,child
75,30450,257147,4.53,1,0,child
75,30600,257147,4.53,1,0,child
75,30780,257147,4.53,1,0,child
75,30790,257147,4.53,1,0,child
75,30890,257147,4.53,1,0,child
75,31290,257147,4.53,1,0,child
75,31450,257147,4.53,1,0,child
75,31780,257147,4.53,1,0,child
75,31840,257147,4.53,1,0,child
75,32390,257147,4.53,1,0,child
75,32490,257147,4.53,1,0,child
75,32620,257147,4.53,1,0,child
75,32980,257147,4.53,1,0,child
75,33550,257147,4.53,1,0,child
75,33590,257147,4.53,1,0,child
75,33600,257147,4.53,1,0,child
75,33830,257147,4.53,1,0,child
75,33920,257147,4.53,1,0,child
75,33950,257147,4.53,1,0,child
75,34110,257147,4.53,1,0,child
75,34170,257147,4.53,1,0,child
75,34630,257147,4.53,1,0,child
75,34990,257147,4.53,1,0,child
75,35150,257147,4.53,1,0,child
75,35450,257147,4.53,1,0,child
75,35570,257147,4.53,1,0,child
75,35620,257147,4.53,1,0,child
75,35650,257147,4.53,1,0,child
75,35850,257147,4.53,1,0,child
75,36660,257147,4.53,1,0,child
75,37530,257147,4.53,1,0,child
75,37680,257147,4.53,1,0,child
75,37870,257147,4.53,1,0,child
75,38500,257147,4.53,1,0,child
75,38800,257147,4.53,1,0,child
75,38810,257147,4.53,1,0,child
75,38840,257147,4.53,1,0,child
75,38880,257147,4.53,1,0,child
75,39080,257147,4.53,1,0,child
75,39460,257147,4.53,1,0,child
75,39490,257147,4.53,1,0,child
75,39890,257147,4.53,1,0,child
75,39990,257147,4.53,1,0,child
75,40210,257147,4.53,1,0,child
75,40250,257147,4.53,1,0,child
75,40560,257147,4.53,1,0,child
75,40820,257147,4.53,1,0,child
75,41350,257147,4.53,1,0,child
75,41440,257147,4.53,1,0,child
75,41630,257147,4.53,1,0,child
75,41930,257147,4.53,1,0,child
75,42080,257147,4.53,1,0,child
75,42140,257147,4.53,1,0,child
75,42490,257147,4.53,1,0,child
75,43330,257147,4.53,1,0,child
75,43440,257147,4.53,1,0,child
75,43530,257147,4.53,1,0,child
75,44110,257147,4.53,1,0,child
75,44320,257147,4.53,1,0,child
75,44710,257147,4.53,1,0,child
75,45320,257147,4.53,1,0,child
75,45900,257147,4.53,1,0,child
75,46270,257147,4.53,1,0,child
75,46400,257147,4.53,1,0,child
75,46530,257147,4.53,1,0,child
75,46850,257147,4.53,1,0,child
75,46860,257147,4.53,1,0,child
75,46920,257147,4.53,1,0,child
75,47270,257147,4.53,1,0,child
75,48180,257147,4.53,1,0,child
75,48510,257147,4.53,1,0,child
75,48580,257147,4.53,1,0,child
75,48890,257147,4.53,1,0,child
75,48910,257147,4.53,1,0,child
75,49040,257147,4.53,1,0,child
75,49060,257147,4.53,1,0,child
75,49130,257147,4.53,1,0,child
75,49380,257147,4.53,1,0,child
75,49850,257147,4.53,1,0,child
75,50160,257147,4.53,1,0,child
75,51220,257147,4.53,1,0,child
75,51330,257147,4.53,1,0,child
75,51480,257147,4.53,1,0,child
75,51620,257147,4.53,1,0,child
75,51960,257147,4.53,1,0,child
75,52690,257147,4.53,1,0,child
75,52840,257147,4.53,1,0,child
75,52890,257147,4.53,1,0,child
75,53130,257147,4.53,1,0,child
75,53570,257147,4.53,1,0,child
75,53590,257147,4.53,1,0,child
75,53600,257147,4.53,1,0,child
87,570,254922,5.98,0,1,adult
87,890,254922,5.98,0,1,adult
87,3180,254922,5.98,1,0,child
87,5530,254922,5.98,1,0,child
87,5760,254922,5.98,0,1,adult
87,5830,254922,5.98,1,1,both
87,6370,254922,5.98,0,1,adult
87,7720,254922,5.98,0,1,adult
87,9890,254922,5.98,0,1,adult
87,11990,254922,5.98,0,1,adult
87,15950,254922,5.98,0,1,adult
87,17730,254922,5.98,0,1,adult
87,20710,254922,5.98,0,1,adult
87,21890,254922,5.98,0,1,adult
87,23340,254922,5.98,0,1,adult
87,27920,254922,5.98,0,1,adult
87,28530,254922,5.98,1,0,child
87,33810,254922,5.98,1,0,child
87,35500,254922,5.98,1,0,child
87,40170,254922,5.98,0,1,adult
87,40290,254922,5.98,1,0,child
87,40900,254922,5.98,1,0,child
87,41440,254922,5.98,1,0,child
87,42880,254922,5.98,0,1,adult
87,42960,254922,5.98,0,1,adult
87,43400,254922,5.98,0,1,adult
87,47990,254922,5.98,1,0,child
87,49720,254922,5.98,0,1,adult
87,51940,254922,5.98,1,0,child
87,52470,254922,5.98,0,1,adult
91,680,257291,5.07,0,1,adult
91,1170,257291,5.07,0,1,adult
91,1500,257291,5.07,0,1,adult
91,1510,257291,5.07,0,1,adult
91,1610,257291,5.07,0,1,adult
91,1850,257291,5.07,0,1,adult
91,2300,257291,5.07,0,1,adult
91,2600,257291,5.07,0,1,adult
91,2630,257291,5.07,0,1,adult
91,2850,257291,5.07,0,1,adult
91,2960,257291,5.07,0,1,adult
91,5120,257291,5.07,0,1,adult
91,5380,257291,5.07,0,1,adult
91,22450,257291,5.07,0,1,adult
91,52090,257291,5.07,1,1,both
91,52130,257291,5.07,0,1,adult
115,1690,258309,5.81,1,0,child
115,3820,258309,5.81,0,1,adult
115,3920,258309,5.81,0,1,adult
115,4110,258309,5.81,1,1,both
115,6720,258309,5.81,0,1,adult
115,7060,258309,5.81,0,1,adult
115,7660,258309,5.81,0,1,adult
115,8260,258309,5.81,1,0,child
115,9180,258309,5.81,0,1,adult
115,9940,258309,5.81,1,0,child
115,13610,258309,5.81,0,1,adult
115,15580,258309,5.81,0,1,adult
115,21760,258309,5.81,0,1,adult
115,22120,258309,5.81,0,1,adult
115,22740,258309,5.81,1,0,child
115,24960,258309,5.81,0,1,adult
115,24970,258309,5.81,0,1,adult
115,25700,258309,5.81,1,0,child
115,26050,258309,5.81,0,1,adult
115,26780,258309,5.81,0,1,adult
115,27050,258309,5.81,0,1,adult
115,31360,258309,5.81,1,0,child
115,32340,258309,5.81,0,1,adult
115,32570,258309,5.81,0,1,adult
115,34880,258309,5.81,0,1,adult
115,34890,258309,5.81,1,0,child
115,34910,258309,5.81,1,0,child
115,36770,258309,5.81,0,1,adult
115,37310,258309,5.81,0,1,adult
115,37610,258309,5.81,0,1,adult
115,38240,258309,5.81,0,1,adult
115,39610,258309,5.81,0,1,adult
115,43100,258309,5.81,1,0,child
115,44150,258309,5.81,1,0,child
115,44750,258309,5.81,0,1,adult
115,44990,258309,5.81,0,1,adult
115,46380,258309,5.81,1,0,child
115,46450,258309,5.81,0,1,adult
115,49340,258309,5.81,0,1,adult
115,49490,258309,5.81,1,0,child
115,50250,258309,5.81,0,1,adult
115,50910,258309,5.81,0,1,adult
115,50940,258309,5.81,0,1,adult
115,51490,258309,5.81,0,1,adult
115,51790,258309,5.81,1,0,child
115,51880,258309,5.81,0,1,adult
115,52140,258309,5.81,1,0,child
120,40,261609,5.73,0,1,adult
120,220,261609,5.73,0,1,adult
120,240,261609,5.73,0,1,adult
120,1600,261609,5.73,1,0,child
120,1940,261609,5.73,1,1,both
120,2090,261609,5.73,1,0,child
120,2170,261609,5.73,1,0,child
120,2260,261609,5.73,1,1,both
120,2330,261609,5.73,0,1,adult
120,2990,261609,5.73,1,1,both
120,7360,261609,5.73,1,0,child
120,7590,261609,5.73,0,1,adult
120,8060,261609,5.73,1,0,child
120,8140,261609,5.73,1,0,child
120,8240,261609,5.73,1,0,child
120,11190,261609,5.73,1,0,child
120,11660,261609,5.73,0,1,adult
120,11960,261609,5.73,1,1,both
120,12210,261609,5.73,0,1,adult
120,20170,261609,5.73,1,0,child
120,20750,261609,5.73,1,0,child
120,21090,261609,5.73,1,0,child
120,21130,261609,5.73,1,0,child
120,21210,261609,5.73,1,0,child
120,21460,261609,5.73,1,0,child
120,21660,261609,5.73,1,0,child
120,22690,261609,5.73,1,0,child
120,28800,261609,5.73,1,0,child
120,29240,261609,5.73,1,0,child
120,31060,261609,5.73,1,0,child
120,32470,261609,5.73,1,0,child
120,33800,261609,5.73,1,0,child
120,36220,261609,5.73,1,0,child
120,36470,261609,5.73,1,0,child
120,37350,261609,5.73,1,0,child
120,37820,261609,5.73,1,0,child
120,37860,261609,5.73,1,0,child
120,37880,261609,5.73,1,0,child
120,38600,261609,5.73,0,1,adult
120,39910,261609,5.73,0,1,adult
120,40520,261609,5.73,0,1,adult
120,41290,261609,5.73,0,1,adult
120,41330,261609,5.73,0,1,adult
120,41570,261609,5.73,0,1,adult
120,42380,261609,5.73,0,1,adult
120,42510,261609,5.73,1,1,both
120,43120,261609,5.73,0,1,adult
120,43200,261609,5.73,0,1,adult
120,43300,261609,5.73,1,1,both
120,43690,261609,5.73,1,0,child
120,44300,261609,5.73,1,0,child
120,44990,261609,5.73,1,0,child
120,45900,261609,5.73,0,1,adult
120,45960,261609,5.73,1,1,both
120,47200,261609,5.73,1,0,child
120,48190,261609,5.73,0,1,adult
120,48810,261609,5.73,1,0,child
120,48910,261609,5.73,1,1,both
120,48960,261609,5.73,0,1,adult
120,49150,261609,5.73,1,0,child
120,49230,261609,5.73,1,0,child
120,49450,261609,5.73,1,1,both
120,49460,261609,5.73,1,1,both
120,49600,261609,5.73,0,1,adult
120,49660,261609,5.73,0,1,adult
120,50310,261609,5.73,0,1,adult
120,50690,261609,5.73,0,1,adult
120,50920,261609,5.73,0,1,adult
120,51130,261609,5.73,0,1,adult
120,51350,261609,5.73,0,1,adult
120,52120,261609,5.73,0,1,adult
120,53470,261609,5.73,0,1,adult
120,53610,261609,5.73,1,1,both
120,53680,261609,5.73,1,0,child
133,60,255706,5.72,0,1,adult
133,190,255706,5.72,0,1,adult
133,450,255706,5.72,0,1,adult
133,900,255706,5.72,1,1,both
133,1730,255706,5.72,0,1,adult
133,2440,255706,5.72,1,1,both
133,2700,255706,5.72,0,1,adult
133,2880,255706,5.72,1,1,both
133,4210,255706,5.72,0,1,adult
133,4310,255706,5.72,0,1,adult
133,4600,255706,5.72,0,1,adult
133,4900,255706,5.72,0,1,adult
133,5190,255706,5.72,0,1,adult
133,5480,255706,5.72,0,1,adult
133,5960,255706,5.72,1,1,both
133,6320,255706,5.72,1,1,both
133,6600,255706,5.72,0,1,adult
133,7080,255706,5.72,0,1,adult
133,7500,255706,5.72,1,1,both
133,7800,255706,5.72,0,1,adult
133,8780,255706,5.72,0,1,adult
133,8950,255706,5.72,0,1,adult
133,9030,255706,5.72,0,1,adult
133,9420,255706,5.72,0,1,adult
133,9590,255706,5.72,0,1,adult
133,9630,255706,5.72,0,1,adult
133,9890,255706,5.72,0,1,adult
133,10100,255706,5.72,0,1,adult
133,10550,255706,5.72,0,1,adult
133,10640,255706,5.72,0,1,adult
133,10660,255706,5.72,0,1,adult
133,10770,255706,5.72,1,1,both
133,10890,255706,5.72,1,1,both
133,11110,255706,5.72,0,1,adult
133,11160,255706,5.72,0,1,adult
133,11400,255706,5.72,0,1,adult
133,11760,255706,5.72,0,1,adult
133,11770,255706,5.72,1,1,both
133,12180,255706,5.72,0,1,adult
133,12320,255706,5.72,0,1,adult
133,12330,255706,5.72,0,1,adult
133,12950,255706,5.72,0,1,adult
133,13480,255706,5.72,0,1,adult
133,13580,255706,5.72,0,1,adult
133,14200,255706,5.72,0,1,adult
133,14480,255706,5.72,1,1,both
133,14740,255706,5.72,0,1,adult
133,15010,255706,5.72,0,1,adult
133,15180,255706,5.72,0,1,adult
133,15290,255706,5.72,0,1,adult
133,15600,255706,5.72,0,1,adult
133,15970,255706,5.72,0,1,adult
133,16390,255706,5.72,0,1,adult
133,16480,255706,5.72,0,1,adult
133,16690,255706,5.72,0,1,adult
133,17210,255706,5.72,0,1,adult
133,17360,255706,5.72,0,1,adult
133,17450,255706,5.72,1,1,both
133,17560,255706,5.72,1,0,child
133,18220,255706,5.72,0,1,adult
133,18610,255706,5.72,0,1,adult
133,19140,255706,5.72,0,1,adult
133,19190,255706,5.72,0,1,adult
133,19420,255706,5.72,0,1,adult
133,19640,255706,5.72,0,1,adult
133,20350,255706,5.72,0,1,adult
133,20710,255706,5.72,1,0,child
133,20840,255706,5.72,0,1,adult
133,21120,255706,5.72,1,1,both
133,21480,255706,5.72,1,0,child
133,21750,255706,5.72,1,0,child
133,21990,255706,5.72,0,1,adult
133,22130,255706,5.72,1,0,child
133,22200,255706,5.72,1,1,both
133,22330,255706,5.72,1,1,both
133,22730,255706,5.72,0,1,adult
133,22740,255706,5.72,0,1,adult
133,23190,255706,5.72,1,1,both
133,23250,255706,5.72,1,1,both
133,24650,255706,5.72,0,1,adult
133,24700,255706,5.72,1,1,both
133,24720,255706,5.72,0,1,adult
133,24820,255706,5.72,0,1,adult
133,26090,255706,5.72,1,1,both
133,26530,255706,5.72,1,1,both
133,26690,255706,5.72,1,1,both
133,27020,255706,5.72,1,1,both
133,28000,255706,5.72,0,1,adult
133,28160,255706,5.72,1,1,both
133,29010,255706,5.72,0,1,adult
133,29240,255706,5.72,0,1,adult
133,29250,255706,5.72,1,1,both
133,29540,255706,5.72,0,1,adult
133,29830,255706,5.72,0,1,adult
133,30470,255706,5.72,1,1,both
133,30750,255706,5.72,0,1,adult
133,30830,255706,5.72,0,1,adult
133,30900,255706,5.72,0,1,adult
133,31460,255706,5.72,0,1,adult
133,31720,255706,5.72,0,1,adult
133,32200,255706,5.72,0,1,adult
133,32810,255706,5.72,0,1,adult
133,32930,255706,5.72,1,1,both
133,33160,255706,5.72,0,1,adult
133,33180,255706,5.72,0,1,adult
133,33290,255706,5.72,0,1,adult
133,33550,255706,5.72,0,1,adult
133,35880,255706,5.72,0,1,adult
133,35970,255706,5.72,1,0,child
133,36090,255706,5.72,0,1,adult
150,200,256461,4.55,1,0,child
150,280,256461,4.55,1,0,child
150,960,256461,4.55,1,0,child
150,1100,256461,4.55,1,0,child
150,1150,256461,4.55,1,0,child
150,1240,256461,4.55,1,0,child
150,1460,256461,4.55,1,0,child
150,1580,256461,4.55,1,0,child
150,1720,256461,4.55,1,0,child
150,1760,256461,4.55,1,0,child
150,2040,256461,4.55,1,0,child
150,2410,256461,4.55,1,0,child
150,3440,256461,4.55,1,0,child
150,3480,256461,4.55,1,0,child
150,3820,256461,4.55,1,0,child
150,4080,256461,4.55,1,0,child
150,4580,256461,4.55,1,0,child
150,5660,256461,4.55,1,0,child
150,6040,256461,4.55,1,0,child
150,6200,256461,4.55,1,0,child
150,6520,256461,4.55,1,0,child
150,6560,256461,4.55,1,0,child
150,7150,256461,4.55,1,0,child
150,7250,256461,4.55,1,0,child
150,7760,256461,4.55,1,0,child
150,8190,256461,4.55,1,0,child
150,8640,256461,4.55,1,0,child
150,9150,256461,4.55,1,0,child
150,9230,256461,4.55,1,0,child
150,9400,256461,4.55,1,0,child
150,9460,256461,4.55,1,0,child
150,9540,256461,4.55,1,0,child
150,9620,256461,4.55,1,0,child
150,9730,256461,4.55,1,0,child
150,9740,256461,4.55,1,0,child
150,9920,256461,4.55,1,0,child
150,10050,256461,4.55,1,0,child
150,10070,256461,4.55,1,0,child
150,10180,256461,4.55,1,0,child
150,10690,256461,4.55,1,0,child
150,10830,256461,4.55,1,0,child
150,11160,256461,4.55,1,0,child
150,11410,256461,4.55,1,0,child
150,12260,256461,4.55,1,0,child
150,12620,256461,4.55,1,0,child
150,12630,256461,4.55,1,0,child
150,12900,256461,4.55,1,0,child
150,12990,256461,4.55,1,0,child
150,13060,256461,4.55,1,0,child
150,13230,256461,4.55,1,0,child
150,13730,256461,4.55,1,0,child
150,14570,256461,4.55,1,0,child
150,15040,256461,4.55,1,0,child
150,16180,256461,4.55,1,0,child
150,16430,256461,4.55,1,0,child
150,16490,256461,4.55,1,0,child
150,16690,256461,4.55,1,0,child
150,16760,256461,4.55,1,0,child
150,16840,256461,4.55,1,0,child
150,18200,256461,4.55,1,0,child
150,18260,256461,4.55,1,0,child
150,18380,256461,4.55,1,0,child
150,18500,256461,4.55,1,0,child
150,18610,256461,4.55,1,0,child
150,18640,256461,4.55,1,0,child
150,18770,256461,4.55,1,0,child
150,19530,256461,4.55,1,0,child
150,19670,256461,4.55,1,0,child
150,19760,256461,4.55,1,0,child
150,20040,256461,4.55,1,0,child
150,20410,256461,4.55,1,0,child
150,20580,256461,4.55,1,0,child
150,20650,256461,4.55,1,0,child
150,21050,256461,4.55,1,0,child
150,21170,256461,4.55,1,0,child
150,22360,256461,4.55,1,0,child
150,22650,256461,4.55,1,0,child
150,22730,256461,4.55,1,0,child
150,22850,256461,4.55,1,0,child
150,22920,256461,4.55,1,0,child
150,23160,256461,4.55,1,0,child
150,23340,256461,4.55,1,0,child
150,23620,256461,4.55,1,0,child
150,23700,256461,4.55,1,0,child
150,23780,256461,4.55,1,0,child
150,23980,256461,4.55,1,0,child
150,24030,256461,4.55,1,0,child
150,24490,256461,4.55,1,0,child
150,24570,256461,4.55,1,0,child
150,24830,256461,4.55,1,0,child
150,25600,256461,4.55,1,0,child
150,26470,256461,4.55,1,0,child
150,26600,256461,4.55,1,0,child
150,26640,256461,4.55,1,0,child
150,26780,256461,4.55,1,0,child
150,26840,256461,4.55,1,0,child
150,28570,256461,4.55,1,0,child
150,29260,256461,4.55,1,0,child
150,29890,256461,4.55,1,0,child
150,30130,256461,4.55,1,0,child
150,30750,256461,4.55,1,0,child
150,30890,256461,4.55,1,0,child
150,30930,256461,4.55,1,0,child
150,31320,256461,4.55,1,0,child
150,31970,256461,4.55,1,0,child
150,32150,256461,4.55,1,0,child
150,32390,256461,4.55,1,0,child
150,32930,256461,4.55,1,0,child
150,33050,256461,4.55,1,0,child
150,33250,256461,4.55,1,0,child
150,33400,256461,4.55,1,0,child
150,33980,256461,4.55,1,0,child
150,34070,256461,4.55,1,0,child
150,34430,256461,4.55,1,0,child
150,34650,256461,4.55,1,0,child
150,34840,256461,4.55,1,0,child
150,34910,256461,4.55,1,0,child
150,35420,256461,4.55,1,0,child
150,35820,256461,4.55,1,0,child
150,35970,256461,4.55,1,0,child
150,35980,256461,4.55,1,0,child
150,36090,256461,4.55,1,0,child
150,36680,256461,4.55,1,0,child
150,36760,256461,4.55,1,0,child
150,36940,256461,4.55,1,0,child
150,37060,256461,4.55,1,0,child
150,37440,256461,4.55,1,0,child
150,37630,256461,4.55,1,0,child
150,37830,256461,4.55,1,0,child
150,37850,256461,4.55,1,0,child
150,38010,256461,4.55,1,0,child
150,38030,256461,4.55,1,0,child
150,38360,256461,4.55,1,0,child
150,38640,256461,4.55,1,0,child
150,38920,256461,4.55,1,0,child
150,38950,256461,4.55,1,0,child
150,39130,256461,4.55,1,0,child
150,39200,256461,4.55,1,0,child
150,39350,256461,4.55,1,0,child
150,40270,256461,4.55,1,0,child
150,40660,256461,4.55,1,0,child
150,40870,256461,4.55,1,0,child
150,41110,256461,4.55,1,0,child
150,41210,256461,4.55,1,0,child
150,41220,256461,4.55,1,0,child
150,41440,256461,4.55,1,0,child
150,41490,256461,4.55,1,0,child
150,41660,256461,4.55,1,0,child
150,41960,256461,4.55,1,0,child
150,43050,256461,4.55,1,0,child
150,43780,256461,4.55,1,0,child
150,44350,256461,4.55,1,0,child
150,45480,256461,4.55,1,0,child
150,45800,256461,4.55,1,0,child
150,45930,256461,4.55,1,0,child
150,46020,256461,4.55,1,0,child
150,46570,256461,4.55,1,0,child
150,46810,256461,4.55,1,0,child
150,47880,256461,4.55,1,0,child
150,48110,256461,4.55,1,0,child
150,48120,256461,4.55,1,0,child
150,48320,256461,4.55,1,0,child
150,48610,256461,4.55,1,0,child
150,49450,256461,4.55,1,0,child
150,49820,256461,4.55,1,0,child
150,50330,256461,4.55,1,0,child
150,50430,256461,4.55,1,0,child
150,50750,256461,4.55,1,0,child
150,51340,256461,4.55,1,0,child
150,51660,256461,4.55,1,0,child
150,52030,256461,4.55,1,0,child
150,52260,256461,4.55,1,0,child
150,52340,256461,4.55,1,0,child
150,53210,256461,4.55,1,0,child
150,53580,256461,4.55,1,0,child
150,53940,256461,4.55,1,0,child
157,2430,257291,5.07,0,1,adult
157,13300,257291,5.07,0,1,adult
157,13680,257291,5.07,0,1,adult
157,13780,257291,5.07,0,1,adult
157,13860,257291,5.07,0,1,adult
157,14150,257291,5.07,0,1,adult
157,14560,257291,5.07,0,1,adult
157,14640,257291,5.07,0,1,adult
157,14680,257291,5.07,0,1,adult
169,720,257578,4.04,0,1,adult
169,750,257578,4.04,0,1,adult
169,880,257578,4.04,0,1,adult
169,1960,257578,4.04,0,1,adult
169,2170,257578,4.04,1,0,child
169,4490,257578,4.04,0,1,adult
169,4880,257578,4.04,0,1,adult
169,4980,257578,4.04,0,1,adult
169,5000,257578,4.04,0,1,adult
169,5270,257578,4.04,1,1,both
173,130,257578,4.04,0,1,adult
173,250,257578,4.04,0,1,adult
173,280,257578,4.04,0,1,adult
173,980,257578,4.04,1,1,both
173,1150,257578,4.04,1,1,both
173,1210,257578,4.04,1,1,both
173,1990,257578,4.04,0,1,adult
173,4940,257578,4.04,0,1,adult
173,5090,257578,4.04,0,1,adult
173,5300,257578,4.04,0,1,adult
173,5410,257578,4.04,0,1,adult
173,5530,257578,4.04,1,1,both
173,6350,257578,4.04,0,1,adult
173,12980,257578,4.04,0,1,adult
173,13030,257578,4.04,1,1,both
173,13100,257578,4.04,1,1,both
173,13970,257578,4.04,1,1,both
173,14010,257578,4.04,1,1,both
173,14100,257578,4.04,1,1,both
173,14110,257578,4.04,1,1,both
173,14620,257578,4.04,1,1,both
173,14890,257578,4.04,1,1,both
173,15100,257578,4.04,1,1,both
173,16410,257578,4.04,1,1,both
173,17260,257578,4.04,1,0,child
173,17340,257578,4.04,1,1,both
173,17520,257578,4.04,1,1,both
173,17630,257578,4.04,1,0,child
173,18200,257578,4.04,1,1,both
173,18480,257578,4.04,1,1,both
173,18590,257578,4.04,1,1,both
173,19240,257578,4.04,1,1,both
173,19300,257578,4.04,1,1,both
173,20770,257578,4.04,0,1,adult
173,21280,257578,4.04,0,1,adult
173,22980,257578,4.04,1,1,both
173,24580,257578,4.04,0,1,adult
173,24720,257578,4.04,0,1,adult
173,25570,257578,4.04,1,1,both
173,25850,257578,4.04,1,1,both
173,25920,257578,4.04,1,1,both
173,25990,257578,4.04,1,1,both
173,26050,257578,4.04,1,1,both
173,26910,257578,4.04,1,1,both
173,27040,257578,4.04,0,1,adult
173,27560,257578,4.04,1,1,both
173,27840,257578,4.04,1,1,both
173,28910,257578,4.04,0,1,adult
173,29650,257578,4.04,0,1,adult
173,29710,257578,4.04,1,1,both
173,32300,257578,4.04,1,1,both
173,33530,257578,4.04,1,1,both
173,33990,257578,4.04,1,1,both
173,34720,257578,4.04,1,0,child
173,35410,257578,4.04,1,1,both
173,35970,257578,4.04,1,1,both
173,36050,257578,4.04,1,1,both
173,36120,257578,4.04,1,1,both
173,36320,257578,4.04,1,1,both
173,36330,257578,4.04,1,1,both
173,36610,257578,4.04,1,1,both
173,36670,257578,4.04,1,1,both
173,36750,257578,4.04,1,1,both
173,36790,257578,4.04,1,1,both
173,36990,257578,4.04,1,1,both
173,37250,257578,4.04,1,1,both
173,37490,257578,4.04,1,1,both
173,39740,257578,4.04,1,1,both
173,40350,257578,4.04,0,1,adult
173,40950,257578,4.04,1,1,both
173,42180,257578,4.04,0,1,adult
173,42690,257578,4.04,0,1,adult
173,42860,257578,4.04,1,1,both
173,44050,257578,4.04,0,1,adult
173,44250,257578,4.04,0,1,adult
173,44300,257578,4.04,0,1,adult
173,44330,257578,4.04,0,1,adult
173,44490,257578,4.04,0,1,adult
173,44500,257578,4.04,0,1,adult
173,44920,257578,4.04,0,1,adult
173,45420,257578,4.04,0,1,adult
173,45640,257578,4.04,0,1,adult
173,45960,257578,4.04,0,1,adult
173,46070,257578,4.04,0,1,adult
173,46220,257578,4.04,1,1,both
173,46390,257578,4.04,0,1,adult
173,46400,257578,4.04,0,1,adult
173,46630,257578,4.04,0,1,adult
173,46780,257578,4.04,0,1,adult
173,47270,257578,4.04,0,1,adult
173,47330,257578,4.04,0,1,adult
173,47340,257578,4.04,1,1,both
173,47740,257578,4.04,0,1,adult
173,48060,257578,4.04,1,1,both
173,48100,257578,4.04,0,1,adult
173,48710,257578,4.04,0,1,adult
173,48920,257578,4.04,0,1,adult
173,49570,257578,4.04,0,1,adult
173,49580,257578,4.04,0,1,adult
173,49590,257578,4.04,0,1,adult
173,50040,257578,4.04,0,1,adult
173,50160,257578,4.04,0,1,adult
173,50290,257578,4.04,0,1,adult
173,50390,257578,4.04,0,1,adult
189,150,257609,5.72,0,1,adult
189,210,257609,5.72,1,1,both
189,1070,257609,5.72,0,1,adult
189,1230,257609,5.72,1,1,both
189,1710,257609,5.72,1,1,both
189,1750,257609,5.72,0,1,adult
189,3550,257609,5.72,0,1,adult
189,3920,257609,5.72,0,1,adult
189,6520,257609,5.72,0,1,adult
189,6590,257609,5.72,0,1,adult
189,6770,257609,5.72,0,1,adult
189,7020,257609,5.72,0,1,adult
189,7030,257609,5.72,0,1,adult
189,7120,257609,5.72,0,1,adult
189,7400,257609,5.72,0,1,adult
189,8760,257609,5.72,1,0,child
189,8880,257609,5.72,1,0,child
189,8970,257609,5.72,0,1,adult
189,9720,257609,5.72,0,1,adult
189,10030,257609,5.72,1,0,child
189,10890,257609,5.72,0,1,adult
189,10910,257609,5.72,0,1,adult
189,12940,257609,5.72,0,1,adult
189,13030,257609,5.72,1,0,child
189,13610,257609,5.72,0,1,adult
189,13640,257609,5.72,0,1,adult
189,14390,257609,5.72,0,1,adult
189,14790,257609,5.72,1,1,both
189,14820,257609,5.72,0,1,adult
189,14960,257609,5.72,0,1,adult
189,15530,257609,5.72,0,1,adult
189,15840,257609,5.72,0,1,adult
189,15970,257609,5.72,0,1,adult
189,16310,257609,5.72,0,1,adult
189,16450,257609,5.72,0,1,adult
189,16530,257609,5.72,0,1,adult
189,17030,257609,5.72,0,1,adult
189,17950,257609,5.72,0,1,adult
189,18630,257609,5.72,0,1,adult
189,20880,257609,5.72,0,1,adult
189,20950,257609,5.72,1,1,both
189,21320,257609,5.72,0,1,adult
189,21480,257609,5.72,0,1,adult
189,21590,257609,5.72,1,1,both
189,22200,257609,5.72,0,1,adult
189,22290,257609,5.72,0,1,adult
189,22480,257609,5.72,1,1,both
189,23300,257609,5.72,1,1,both
189,23580,257609,5.72,0,1,adult
189,24240,257609,5.72,0,1,adult
189,25560,257609,5.72,0,1,adult
189,25630,257609,5.72,0,1,adult
189,25720,257609,5.72,1,1,both
189,26260,257609,5.72,1,1,both
189,26720,257609,5.72,0,1,adult
189,27560,257609,5.72,0,1,adult
189,28000,257609,5.72,0,1,adult
189,30030,257609,5.72,0,1,adult
189,32580,257609,5.72,0,1,adult
189,32700,257609,5.72,0,1,adult
189,33490,257609,5.72,1,1,both
189,33660,257609,5.72,1,1,both
189,33760,257609,5.72,0,1,adult
189,34010,257609,5.72,0,1,adult
189,34190,257609,5.72,1,1,both
189,34720,257609,5.72,1,1,both
189,34990,257609,5.72,0,1,adult
189,37660,257609,5.72,0,1,adult
189,37700,257609,5.72,1,1,both
189,40320,257609,5.72,0,1,adult
189,40640,257609,5.72,0,1,adult
189,40690,257609,5.72,0,1,adult
192,20,257609,5.72,1,0,child
192,110,257609,5.72,0,1,adult
192,2420,257609,5.72,1,0,child
192,2950,257609,5.72,1,0,child
192,4230,257609,5.72,1,1,both
192,4400,257609,5.72,0,1,adult
192,4750,257609,5.72,1,1,both
192,5150,257609,5.72,0,1,adult
192,5310,257609,5.72,1,0,child
192,5750,257609,5.72,0,1,adult
192,6910,257609,5.72,0,1,adult
192,7340,257609,5.72,0,1,adult
192,7470,257609,5.72,1,1,both
192,7510,257609,5.72,1,1,both
192,8460,257609,5.72,0,1,adult
192,8740,257609,5.72,1,1,both
192,8950,257609,5.72,1,1,both
192,8990,257609,5.72,0,1,adult
192,9190,257609,5.72,0,1,adult
192,10440,257609,5.72,0,1,adult
192,10690,257609,5.72,0,1,adult
192,11040,257609,5.72,0,1,adult
192,11570,257609,5.72,1,1,both
192,11740,257609,5.72,1,0,child
192,12040,257609,5.72,1,0,child
192,12450,257609,5.72,1,0,child
192,12590,257609,5.72,0,1,adult
192,12670,257609,5.72,0,1,adult
192,13120,257609,5.72,0,1,adult
192,14660,257609,5.72,1,1,both
192,14800,257609,5.72,1,0,child
192,14890,257609,5.72,1,1,both
192,14930,257609,5.72,1,0,child
192,15160,257609,5.72,0,1,adult
192,18180,257609,5.72,0,1,adult
192,18910,257609,5.72,1,0,child
192,19370,257609,5.72,0,1,adult
192,20850,257609,5.72,0,1,adult
192,20980,257609,5.72,0,1,adult
192,21240,257609,5.72,1,0,child
192,22110,257609,5.72,0,1,adult
192,25130,257609,5.72,0,1,adult
192,25970,257609,5.72,0,1,adult
192,27230,257609,5.72,0,1,adult
192,29230,257609,5.72,1,0,child
192,29600,257609,5.72,0,1,adult
192,29900,257609,5.72,1,0,child
192,30180,257609,5.72,1,0,child
192,30400,257609,5.72,1,0,child
192,30830,257609,5.72,1,0,child
192,30850,257609,5.72,1,0,child
192,30870,257609,5.72,1,0,child
192,32050,257609,5.72,1,0,child
192,32480,257609,5.72,1,0,child
192,33430,257609,5.72,0,1,adult
192,33440,257609,5.72,0,1,adult
192,34400,257609,5.72,0,1,adult
192,34510,257609,5.72,1,0,child
192,34670,257609,5.72,0,1,adult
192,34770,257609,5.72,1,0,child
192,34830,257609,5.72,0,1,adult
192,39770,257609,5.72,0,1,adult
192,39830,257609,5.72,0,1,adult
192,41440,257609,5.72,0,1,adult
192,41490,257609,5.72,1,0,child
192,41710,257609,5.72,0,1,adult
192,42000,257609,5.72,0,1,adult
192,42300,257609,5.72,0,1,adult
192,43170,257609,5.72,1,0,child
241,2610,258827,5.79,0,1,adult
241,2690,258827,5.79,0,1,adult
241,2730,258827,5.79,0,1,adult
241,6220,258827,5.79,0,1,adult
241,9460,258827,5.79,1,0,child
241,10380,258827,5.79,0,1,adult
241,10870,258827,5.79,0,1,adult
241,11730,258827,5.79,1,0,child
241,12190,258827,5.79,1,0,child
241,12220,258827,5.79,1,0,child
241,15520,258827,5.79,1,0,child
241,16770,258827,5.79,0,1,adult
241,16860,258827,5.79,0,1,adult
241,23900,258827,5.79,0,1,adult
241,25900,258827,5.79,0,1,adult
241,26150,258827,5.79,0,1,adult
241,26310,258827,5.79,0,1,adult
241,30230,258827,5.79,1,0,child
241,36150,258827,5.79,1,0,child
241,37410,258827,5.79,1,0,child
241,38510,258827,5.79,1,0,child
241,44380,258827,5.79,1,0,child
241,46540,258827,5.79,0,1,adult
241,50040,258827,5.79,0,1,adult
241,50420,258827,5.79,0,1,adult
241,50730,258827,5.79,1,0,child
241,53040,258827,5.79,1,0,child
241,53810,258827,5.79,1,0,child
247,2500,260120,5.33,1,1,both
247,2760,260120,5.33,0,1,adult
247,3350,260120,5.33,1,1,both
247,4210,260120,5.33,0,1,adult
247,4410,260120,5.33,0,1,adult
247,5570,260120,5.33,0,1,adult
247,6860,260120,5.33,0,1,adult
247,7910,260120,5.33,0,1,adult
247,11700,260120,5.33,1,0,child
247,17050,260120,5.33,1,0,child
247,17750,260120,5.33,0,1,adult
247,19360,260120,5.33,1,0,child
247,19870,260120,5.33,1,0,child
247,32360,260120,5.33,0,1,adult
247,40760,260120,5.33,0,1,adult
247,41870,260120,5.33,0,1,adult
247,42280,260120,5.33,0,1,adult
247,43670,260120,5.33,1,0,child
247,44060,260120,5.33,1,0,child
247,45290,260120,5.33,0,1,adult
247,45430,260120,5.33,0,1,adult
247,45930,260120,5.33,0,1,adult
247,46520,260120,5.33,0,1,adult
247,46570,260120,5.33,0,1,adult
247,46620,260120,5.33,0,1,adult
247,47490,260120,5.33,0,1,adult
247,48400,260120,5.33,0,1,adult
247,49140,260120,5.33,1,0,child
247,49170,260120,5.33,0,1,adult
247,49340,260120,5.33,0,1,adult
247,49390,260120,5.33,0,1,adult
247,51990,260120,5.33,1,0,child
247,52550,260120,5.33,0,1,adult
247,53510,260120,5.33,0,1,adult
247,53820,260120,5.33,0,1,adult
247,53930,260120,5.33,0,1,adult
248,20,260120,5.33,0,1,adult
248,260,260120,5.33,0,1,adult
248,380,260120,5.33,0,1,adult
248,890,260120,5.33,0,1,adult
248,980,260120,5.33,0,1,adult
248,1180,260120,5.33,0,1,adult
248,1410,260120,5.33,0,1,adult
248,1520,260120,5.33,1,0,child
248,1630,260120,5.33,0,1,adult
248,2050,260120,5.33,0,1,adult
248,2110,260120,5.33,0,1,adult
248,2500,260120,5.33,0,1,adult
248,2800,260120,5.33,0,1,adult
248,3280,260120,5.33,0,1,adult
248,4790,260120,5.33,1,0,child
248,5050,260120,5.33,0,1,adult
248,5150,260120,5.33,0,1,adult
248,5240,260120,5.33,0,1,adult
248,5750,260120,5.33,0,1,adult
248,11500,260120,5.33,1,0,child
248,19140,260120,5.33,0,1,adult
248,25360,260120,5.33,0,1,adult
248,31240,260120,5.33,0,1,adult
248,48690,260120,5.33,0,1,adult
249,1310,260120,5.33,0,1,adult
249,4940,260120,5.33,1,0,child
249,4990,260120,5.33,0,1,adult
249,5320,260120,5.33,0,1,adult
249,5360,260120,5.33,0,1,adult
249,5580,260120,5.33,0,1,adult
249,5590,260120,5.33,0,1,adult
249,5600,260120,5.33,0,1,adult
249,5760,260120,5.33,0,1,adult
249,5960,260120,5.33,0,1,adult
249,6050,260120,5.33,0,1,adult
249,6460,260120,5.33,0,1,adult
249,6510,260120,5.33,0,1,adult
249,6710,260120,5.33,0,1,adult
249,7190,260120,5.33,0,1,adult
249,7540,260120,5.33,0,1,adult
249,7770,260120,5.33,0,1,adult
249,7950,260120,5.33,0,1,adult
249,7990,260120,5.33,0,1,adult
249,8120,260120,5.33,0,1,adult
249,8210,260120,5.33,0,1,adult
249,8290,260120,5.33,0,1,adult
249,8620,260120,5.33,0,1,adult
249,8740,260120,5.33,0,1,adult
249,9000,260120,5.33,0,1,adult
249,9290,260120,5.33,0,1,adult
249,9530,260120,5.33,0,1,adult
249,9680,260120,5.33,0,1,adult
249,9720,260120,5.33,0,1,adult
249,10020,260120,5.33,0,1,adult
249,10170,260120,5.33,0,1,adult
249,10220,260120,5.33,0,1,adult
249,10550,260120,5.33,0,1,adult
249,10630,260120,5.33,0,1,adult
249,10730,260120,5.33,0,1,adult
249,10980,260120,5.33,0,1,adult
249,11190,260120,5.33,0,1,adult
249,11310,260120,5.33,0,1,adult
249,11390,260120,5.33,0,1,adult
249,11980,260120,5.33,0,1,adult
249,12100,260120,5.33,0,1,adult
249,12140,260120,5.33,0,1,adult
249,12260,260120,5.33,0,1,adult
249,12700,260120,5.33,0,1,adult
249,12870,260120,5.33,0,1,adult
249,13280,260120,5.33,0,1,adult
249,13400,260120,5.33,0,1,adult
249,13490,260120,5.33,0,1,adult
249,13700,260120,5.33,0,1,adult
249,13760,260120,5.33,0,1,adult
249,14190,260120,5.33,0,1,adult
249,14220,260120,5.33,0,1,adult
249,14390,260120,5.33,0,1,adult
249,14420,260120,5.33,0,1,adult
249,14590,260120,5.33,0,1,adult
249,14850,260120,5.33,0,1,adult
249,15640,260120,5.33,0,1,adult
249,16110,260120,5.33,0,1,adult
249,16450,260120,5.33,0,1,adult
249,16490,260120,5.33,0,1,adult
249,16580,260120,5.33,0,1,adult
249,16960,260120,5.33,0,1,adult
249,17010,260120,5.33,0,1,adult
249,17270,260120,5.33,0,1,adult
249,17540,260120,5.33,0,1,adult
249,17750,260120,5.33,0,1,adult
249,17780,260120,5.33,0,1,adult
249,17910,260120,5.33,0,1,adult
249,17940,260120,5.33,0,1,adult
249,18290,260120,5.33,0,1,adult
249,18310,260120,5.33,0,1,adult
249,18510,260120,5.33,0,1,adult
249,18680,260120,5.33,0,1,adult
249,18710,260120,5.33,0,1,adult
249,18830,260120,5.33,0,1,adult
249,19330,260120,5.33,0,1,adult
249,19430,260120,5.33,0,1,adult
249,19700,260120,5.33,0,1,adult
249,20300,260120,5.33,0,1,adult
249,20310,260120,5.33,0,1,adult
249,22160,260120,5.33,0,1,adult
249,25010,260120,5.33,0,1,adult
249,25290,260120,5.33,0,1,adult
249,25320,260120,5.33,0,1,adult
249,25330,260120,5.33,0,1,adult
249,25720,260120,5.33,0,1,adult
249,25810,260120,5.33,0,1,adult
249,26220,260120,5.33,0,1,adult
249,26490,260120,5.33,1,0,child
249,26700,260120,5.33,0,1,adult
249,26840,260120,5.33,0,1,adult
249,27080,260120,5.33,0,1,adult
249,27530,260120,5.33,0,1,adult
249,27580,260120,5.33,0,1,adult
249,27600,260120,5.33,0,1,adult
249,28010,260120,5.33,0,1,adult
249,28210,260120,5.33,0,1,adult
249,28320,260120,5.33,0,1,adult
249,28900,260120,5.33,0,1,adult
249,28930,260120,5.33,0,1,adult
249,29020,260120,5.33,0,1,adult
249,29260,260120,5.33,0,1,adult
249,29430,260120,5.33,0,1,adult
249,30230,260120,5.33,0,1,adult
249,30240,260120,5.33,0,1,adult
249,31150,260120,5.33,1,1,both
249,31270,260120,5.33,0,1,adult
249,31610,260120,5.33,0,1,adult
249,31670,260120,5.33,0,1,adult
249,31900,260120,5.33,0,1,adult
249,31990,260120,5.33,0,1,adult
249,33340,260120,5.33,0,1,adult
249,33800,260120,5.33,0,1,adult
249,33930,260120,5.33,0,1,adult
249,34670,260120,5.33,0,1,adult
249,34700,260120,5.33,0,1,adult
249,35180,260120,5.33,0,1,adult
249,35270,260120,5.33,0,1,adult
249,35700,260120,5.33,1,0,child
249,36400,260120,5.33,0,1,adult
249,37710,260120,5.33,0,1,adult
249,38130,260120,5.33,0,1,adult
285,5450,260772,4.72,0,1,adult
285,5640,260772,4.72,0,1,adult
285,7090,260772,4.72,0,1,adult
285,7820,260772,4.72,0,1,adult
285,8440,260772,4.72,0,1,adult
285,9160,260772,4.72,1,1,both
285,10540,260772,4.72,1,0,child
285,11510,260772,4.72,0,1,adult
285,11750,260772,4.72,0,1,adult
285,12220,260772,4.72,0,1,adult
285,12280,260772,4.72,0,1,adult
285,12450,260772,4.72,0,1,adult
285,12750,260772,4.72,1,0,child
285,12860,260772,4.72,1,0,child
285,12880,260772,4.72,1,0,child
285,13750,260772,4.72,1,0,child
285,15860,260772,4.72,0,1,adult
285,16980,260772,4.72,1,1,both
285,17780,260772,4.72,1,0,child
285,19100,260772,4.72,0,1,adult
285,19170,260772,4.72,0,1,adult
285,19350,260772,4.72,0,1,adult
285,19430,260772,4.72,0,1,adult
285,19690,260772,4.72,0,1,adult
285,19930,260772,4.72,1,0,child
285,20110,260772,4.72,0,1,adult
285,20230,260772,4.72,0,1,adult
285,20270,260772,4.72,1,1,both
285,20390,260772,4.72,0,1,adult
285,21010,260772,4.72,0,1,adult
285,21360,260772,4.72,0,1,adult
285,21680,260772,4.72,0,1,adult
285,21760,260772,4.72,0,1,adult
285,21770,260772,4.72,0,1,adult
285,22080,260772,4.72,0,1,adult
285,22710,260772,4.72,0,1,adult
285,22750,260772,4.72,0,1,adult
285,23000,260772,4.72,0,1,adult
285,23440,260772,4.72,0,1,adult
285,23640,260772,4.72,0,1,adult
285,23770,260772,4.72,0,1,adult
285,24220,260772,4.72,0,1,adult
285,24260,260772,4.72,0,1,adult
285,25150,260772,4.72,0,1,adult
285,25450,260772,4.72,1,0,child
285,30640,260772,4.72,0,1,adult
285,31230,260772,4.72,0,1,adult
285,31600,260772,4.72,0,1,adult
285,31610,260772,4.72,1,1,both
285,33960,260772,4.72,0,1,adult
285,35390,260772,4.72,1,1,both
285,35430,260772,4.72,0,1,adult
285,35580,260772,4.72,1,0,child
285,35750,260772,4.72,0,1,adult
285,35960,260772,4.72,0,1,adult
285,36030,260772,4.72,0,1,adult
285,36700,260772,4.72,0,1,adult
285,37190,260772,4.72,1,1,both
293,40,261609,5.73,1,0,child
293,320,261609,5.73,1,0,child
293,370,261609,5.73,1,0,child
293,900,261609,5.73,1,0,child
293,1040,261609,5.73,1,0,child
293,1250,261609,5.73,1,0,child
293,1280,261609,5.73,1,0,child
293,1350,261609,5.73,1,0,child
293,1370,261609,5.73,1,0,child
293,1700,261609,5.73,1,0,child
293,2120,261609,5.73,1,0,child
293,2300,261609,5.73,1,0,child
293,2320,261609,5.73,1,0,child
293,2910,261609,5.73,1,0,child
293,3450,261609,5.73,1,0,child
293,3570,261609,5.73,1,0,child
293,4030,261609,5.73,0,1,adult
293,4690,261609,5.73,1,1,both
293,4920,261609,5.73,1,1,both
293,5060,261609,5.73,1,1,both
293,5100,261609,5.73,1,0,child
293,6500,261609,5.73,0,1,adult
293,6990,261609,5.73,0,1,adult
293,7040,261609,5.73,0,1,adult
293,8470,261609,5.73,0,1,adult
293,8560,261609,5.73,0,1,adult
293,8770,261609,5.73,0,1,adult
293,9070,261609,5.73,0,1,adult
293,9090,261609,5.73,0,1,adult
293,9850,261609,5.73,0,1,adult
293,10160,261609,5.73,0,1,adult
293,10390,261609,5.73,0,1,adult
293,10560,261609,5.73,0,1,adult
293,10610,261609,5.73,0,1,adult
293,10990,261609,5.73,0,1,adult
293,11030,261609,5.73,0,1,adult
293,12130,261609,5.73,1,0,child
293,12190,261609,5.73,1,0,child
293,12400,261609,5.73,1,0,child
293,12830,261609,5.73,1,0,child
293,12970,261609,5.73,1,0,child
293,13050,261609,5.73,1,0,child
293,13420,261609,5.73,1,0,child
293,15280,261609,5.73,1,1,both
293,16080,261609,5.73,0,1,adult
293,18210,261609,5.73,0,1,adult
293,18240,261609,5.73,0,1,adult
293,18260,261609,5.73,0,1,adult
293,18380,261609,5.73,1,1,both
293,19220,261609,5.73,0,1,adult
293,19230,261609,5.73,0,1,adult
293,19620,261609,5.73,1,1,both
293,19920,261609,5.73,1,1,both
293,20130,261609,5.73,1,1,both
293,21150,261609,5.73,0,1,adult
293,21720,261609,5.73,1,1,both
293,22550,261609,5.73,0,1,adult
293,23760,261609,5.73,0,1,adult
293,24270,261609,5.73,1,1,both
293,24650,261609,5.73,1,1,both
293,25150,261609,5.73,1,1,both
293,25200,261609,5.73,0,1,adult
293,25290,261609,5.73,1,1,both
293,25630,261609,5.73,1,1,both
293,26200,261609,5.73,0,1,adult
293,26280,261609,5.73,0,1,adult
293,26330,261609,5.73,1,1,both
293,28300,261609,5.73,1,0,child
293,28330,261609,5.73,0,1,adult
293,28820,261609,5.73,0,1,adult
293,29090,261609,5.73,0,1,adult
293,29120,261609,5.73,0,1,adult
293,29320,261609,5.73,1,1,both
293,29630,261609,5.73,1,1,both
293,30190,261609,5.73,0,1,adult
293,30420,261609,5.73,0,1,adult
293,31100,261609,5.73,1,1,both
293,31400,261609,5.73,1,1,both
293,31880,261609,5.73,0,1,adult
293,32710,261609,5.73,0,1,adult
293,32770,261609,5.73,0,1,adult
293,33080,261609,5.73,0,1,adult
301,20,261610,3.95,0,1,adult
301,80,261610,3.95,0,1,adult
301,170,261610,3.95,0,1,adult
301,1280,261610,3.95,1,0,child
301,3880,261610,3.95,1,0,child
301,6180,261610,3.95,1,0,child
301,10570,261610,3.95,1,0,child
301,11700,261610,3.95,1,0,child
301,11880,261610,3.95,1,0,child
301,15790,261610,3.95,1,0,child
301,16220,261610,3.95,1,0,child
301,16730,261610,3.95,1,0,child
301,17120,261610,3.95,1,0,child
301,17550,261610,3.95,1,0,child
301,17610,261610,3.95,1,0,child
301,17890,261610,3.95,1,0,child
301,17930,261610,3.95,1,0,child
301,18030,261610,3.95,1,0,child
301,18060,261610,3.95,1,0,child
301,18450,261610,3.95,0,1,adult
301,18660,261610,3.95,1,0,child
301,19090,261610,3.95,1,0,child
301,19390,261610,3.95,1,0,child
301,20260,261610,3.95,1,0,child
301,20560,261610,3.95,1,1,both
301,21160,261610,3.95,1,1,both
301,21480,261610,3.95,1,0,child
301,21700,261610,3.95,0,1,adult
301,21730,261610,3.95,0,1,adult
301,21790,261610,3.95,0,1,adult
301,22800,261610,3.95,0,1,adult
301,23440,261610,3.95,1,1,both
301,23590,261610,3.95,1,0,child
301,28120,261610,3.95,1,1,both
301,28950,261610,3.95,1,1,both
301,29240,261610,3.95,1,0,child
301,30310,261610,3.95,1,0,child
301,30420,261610,3.95,1,1,both
301,30440,261610,3.95,1,1,both
301,30590,261610,3.95,1,0,child
301,41530,261610,3.95,1,1,both
301,42330,261610,3.95,1,1,both
301,45170,261610,3.95,1,0,child
301,45310,261610,3.95,1,0,child
301,45500,261610,3.95,1,0,child
301,45610,261610,3.95,1,1,both
301,45740,261610,3.95,1,1,both
301,45810,261610,3.95,1,1,both
301,46050,261610,3.95,1,1,both
301,46060,261610,3.95,1,1,both
301,46250,261610,3.95,1,0,child
301,46280,261610,3.95,1,0,child
301,46420,261610,3.95,1,0,child
301,46610,261610,3.95,1,1,both
301,46640,261610,3.95,1,1,both
301,46700,261610,3.95,1,0,child
301,47430,261610,3.95,1,1,both
301,47630,261610,3.95,1,1,both
301,47800,261610,3.95,1,1,both
301,47960,261610,3.95,1,0,child
301,48450,261610,3.95,1,1,both
301,48790,261610,3.95,0,1,adult
301,48920,261610,3.95,0,1,adult
301,49220,261610,3.95,1,1,both
301,49840,261610,3.95,1,1,both
301,50070,261610,3.95,1,1,both
301,50260,261610,3.95,1,1,both
301,50470,261610,3.95,1,1,both
301,50540,261610,3.95,1,1,both
301,51780,261610,3.95,1,0,child
301,51840,261610,3.95,1,0,child
301,52060,261610,3.95,1,0,child
301,52270,261610,3.95,1,0,child
301,52290,261610,3.95,1,0,child
301,52300,261610,3.95,1,0,child
301,52820,261610,3.95,1,0,child
301,53170,261610,3.95,1,0,child
301,53500,261610,3.95,1,1,both
301,53710,261610,3.95,1,0,child
345,810,262565,3.68,1,0,child
345,890,262565,3.68,1,0,child
345,1510,262565,3.68,1,0,child
345,1850,262565,3.68,1,0,child
345,1900,262565,3.68,1,0,child
345,2270,262565,3.68,1,0,child
345,2520,262565,3.68,1,0,child
345,2630,262565,3.68,1,0,child
345,2670,262565,3.68,1,0,child
345,2830,262565,3.68,1,0,child
345,4060,262565,3.68,1,0,child
345,4160,262565,3.68,1,0,child
345,4240,262565,3.68,1,0,child
345,4310,262565,3.68,1,0,child
345,4650,262565,3.68,1,0,child
345,10180,262565,3.68,1,0,child
345,10380,262565,3.68,1,0,child
345,10410,262565,3.68,1,0,child
345,10510,262565,3.68,1,0,child
345,10630,262565,3.68,1,0,child
345,11700,262565,3.68,0,1,adult
347,270,262565,3.73,1,0,child
347,410,262565,3.73,1,0,child
347,780,262565,3.73,1,0,child
347,1200,262565,3.73,1,0,child
347,1210,262565,3.73,1,0,child
347,2800,262565,3.73,1,0,child
347,2970,262565,3.73,1,0,child
347,3610,262565,3.73,1,0,child
347,4060,262565,3.73,1,0,child
347,4450,262565,3.73,1,0,child
347,4710,262565,3.73,1,0,child
347,6010,262565,3.73,1,0,child
347,6550,262565,3.73,1,0,child
347,6930,262565,3.73,1,0,child
347,7110,262565,3.73,1,0,child
347,7500,262565,3.73,1,0,child
347,7620,262565,3.73,1,0,child
347,7760,262565,3.73,1,0,child
347,8200,262565,3.73,1,0,child
347,8480,262565,3.73,1,0,child
347,8800,262565,3.73,1,0,child
347,8820,262565,3.73,1,0,child
347,8880,262565,3.73,1,0,child
347,9340,262565,3.73,1,0,child
347,9610,262565,3.73,1,0,child
347,10200,262565,3.73,1,1,both
347,11360,262565,3.73,1,0,child
347,11710,262565,3.73,1,0,child
347,11900,262565,3.73,0,1,adult
347,11920,262565,3.73,1,0,child
347,12320,262565,3.73,1,0,child
347,12660,262565,3.73,1,0,child
347,12760,262565,3.73,1,0,child
347,13290,262565,3.73,1,0,child
347,13450,262565,3.73,1,0,child
347,13760,262565,3.73,1,0,child
347,13910,262565,3.73,1,0,child
347,14560,262565,3.73,1,1,both
347,14680,262565,3.73,1,0,child
347,15170,262565,3.73,1,0,child
347,15390,262565,3.73,1,0,child
347,15610,262565,3.73,1,0,child
347,15870,262565,3.73,1,1,both
347,16540,262565,3.73,1,0,child
347,17010,262565,3.73,1,1,both
347,17450,262565,3.73,1,0,child
347,17840,262565,3.73,1,0,child
347,17930,262565,3.73,1,0,child
347,17970,262565,3.73,1,0,child
347,18050,262565,3.73,1,0,child
347,18340,262565,3.73,1,0,child
347,18380,262565,3.73,1,0,child
347,18650,262565,3.73,1,0,child
347,18680,262565,3.73,1,0,child
347,18710,262565,3.73,1,0,child
347,19500,262565,3.73,1,0,child
347,19780,262565,3.73,1,0,child
347,20060,262565,3.73,1,0,child
347,20100,262565,3.73,1,0,child
347,20260,262565,3.73,1,0,child
347,20350,262565,3.73,1,0,child
347,20360,262565,3.73,1,0,child
347,20700,262565,3.73,1,1,both
347,20780,262565,3.73,1,1,both
347,20860,262565,3.73,1,0,child
347,21720,262565,3.73,1,0,child
347,21760,262565,3.73,1,0,child
347,21860,262565,3.73,1,0,child
347,22000,262565,3.73,1,0,child
347,22150,262565,3.73,1,0,child
347,22230,262565,3.73,1,0,child
347,22290,262565,3.73,0,1,adult
347,22320,262565,3.73,1,0,child
347,23360,262565,3.73,1,0,child
347,23620,262565,3.73,1,0,child
347,23680,262565,3.73,1,0,child
347,24140,262565,3.73,1,0,child
347,27470,262565,3.73,0,1,adult
347,27790,262565,3.73,0,1,adult
347,28140,262565,3.73,0,1,adult
347,28150,262565,3.73,0,1,adult
347,29890,262565,3.73,0,1,adult
347,35400,262565,3.73,0,1,adult
347,35760,262565,3.73,0,1,adult
347,36090,262565,3.73,0,1,adult
347,36460,262565,3.73,0,1,adult
347,36770,262565,3.73,0,1,adult
347,37100,262565,3.73,1,1,both
347,37120,262565,3.73,0,1,adult
347,37190,262565,3.73,1,1,both
347,37200,262565,3.73,1,1,both
347,37580,262565,3.73,0,1,adult
347,38170,262565,3.73,0,1,adult
347,38250,262565,3.73,0,1,adult
347,38280,262565,3.73,0,1,adult
347,38680,262565,3.73,0,1,adult
347,39280,262565,3.73,0,1,adult
347,39460,262565,3.73,1,1,both
347,40510,262565,3.73,0,1,adult
347,41300,262565,3.73,0,1,adult
347,41840,262565,3.73,0,1,adult
347,42170,262565,3.73,0,1,adult
347,42380,262565,3.73,0,1,adult
347,43030,262565,3.73,0,1,adult
347,43430,262565,3.73,0,1,adult
347,44760,262565,3.73,0,1,adult
347,45180,262565,3.73,0,1,adult
347,45330,262565,3.73,0,1,adult
347,45410,262565,3.73,0,1,adult
347,45460,262565,3.73,0,1,adult
347,46340,262565,3.73,1,0,child
347,46430,262565,3.73,1,1,both
347,46620,262565,3.73,0,1,adult
347,46980,262565,3.73,1,1,both
347,47390,262565,3.73,1,1,both
347,48020,262565,3.73,1,0,child
347,48120,262565,3.73,1,0,child
347,48190,262565,3.73,1,1,both
347,48380,262565,3.73,1,0,child
347,48560,262565,3.73,1,0,child
347,49200,262565,3.73,1,0,child
347,49680,262565,3.73,0,1,adult
347,50620,262565,3.73,0,1,adult
347,51540,262565,3.73,0,1,adult
347,51830,262565,3.73,0,1,adult
347,52130,262565,3.73,1,1,both
347,52290,262565,3.73,0,1,adult
347,53580,262565,3.73,0,1,adult
349,250,262691,3.11,0,1,adult
349,280,262691,3.11,0,1,adult
349,1250,262691,3.11,0,1,adult
349,2050,262691,3.11,0,1,adult
349,2320,262691,3.11,0,1,adult
349,6050,262691,3.11,0,1,adult
349,6410,262691,3.11,0,1,adult
349,12850,262691,3.11,0,1,adult
349,13010,262691,3.11,0,1,adult
349,13530,262691,3.11,0,1,adult
349,14170,262691,3.11,0,1,adult
349,15560,262691,3.11,0,1,adult
349,15580,262691,3.11,0,1,adult
349,15890,262691,3.11,0,1,adult
349,41430,262691,3.11,0,1,adult
349,41880,262691,3.11,0,1,adult
349,42200,262691,3.11,0,1,adult
349,42330,262691,3.11,0,1,adult
349,43560,262691,3.11,0,1,adult
366,430,262748,3.93,1,0,child
366,3580,262748,3.93,0,1,adult
366,3710,262748,3.93,0,1,adult
366,4040,262748,3.93,0,1,adult
366,4070,262748,3.93,0,1,adult
366,4140,262748,3.93,0,1,adult
366,4180,262748,3.93,0,1,adult
366,4220,262748,3.93,0,1,adult
366,6520,262748,3.93,0,1,adult
366,6740,262748,3.93,0,1,adult
366,6800,262748,3.93,1,0,child
366,9860,262748,3.93,1,0,child
366,9870,262748,3.93,1,0,child
366,10390,262748,3.93,1,0,child
366,10610,262748,3.93,0,1,adult
366,11410,262748,3.93,0,1,adult
366,12930,262748,3.93,1,0,child
366,13000,262748,3.93,1,1,both
366,13050,262748,3.93,0,1,adult
366,13660,262748,3.93,1,0,child
366,15180,262748,3.93,1,0,child
366,15190,262748,3.93,1,0,child
366,15650,262748,3.93,1,1,both
366,16260,262748,3.93,1,0,child
366,16480,262748,3.93,0,1,adult
366,16630,262748,3.93,1,1,both
366,16930,262748,3.93,0,1,adult
366,17210,262748,3.93,1,0,child
366,17780,262748,3.93,1,0,child
366,18140,262748,3.93,1,0,child
366,18900,262748,3.93,0,1,adult
366,19400,262748,3.93,0,1,adult
366,19440,262748,3.93,0,1,adult
366,19670,262748,3.93,0,1,adult
366,19720,262748,3.93,0,1,adult
366,19850,262748,3.93,1,0,child
366,20170,262748,3.93,0,1,adult
366,20930,262748,3.93,0,1,adult
366,22580,262748,3.93,1,0,child
366,22740,262748,3.93,0,1,adult
366,22960,262748,3.93,0,1,adult
366,23120,262748,3.93,0,1,adult
366,25180,262748,3.93,0,1,adult
366,25390,262748,3.93,0,1,adult
366,25450,262748,3.93,0,1,adult
366,25810,262748,3.93,0,1,adult
366,26320,262748,3.93,0,1,adult
366,26580,262748,3.93,1,0,child
366,26700,262748,3.93,0,1,adult
366,28800,262748,3.93,0,1,adult
393,6210,263284,3.8,0,1,adult
393,6700,263284,3.8,1,0,child
393,6860,263284,3.8,0,1,adult
393,7020,263284,3.8,0,1,adult
393,7440,263284,3.8,0,1,adult
393,8700,263284,3.8,0,1,adult
393,13230,263284,3.8,0,1,adult
393,13660,263284,3.8,0,1,adult
393,13870,263284,3.8,0,1,adult
393,14100,263284,3.8,0,1,adult
393,14580,263284,3.8,0,1,adult
393,14870,263284,3.8,0,1,adult
393,15160,263284,3.8,0,1,adult
393,15320,263284,3.8,0,1,adult
393,15770,263284,3.8,1,0,child
393,15980,263284,3.8,0,1,adult
393,16810,263284,3.8,0,1,adult
393,16940,263284,3.8,0,1,adult
393,17220,263284,3.8,0,1,adult
393,17780,263284,3.8,1,0,child
393,18180,263284,3.8,0,1,adult
393,19690,263284,3.8,0,1,adult
393,24080,263284,3.8,0,1,adult
393,24710,263284,3.8,0,1,adult
393,29270,263284,3.8,0,1,adult
393,29580,263284,3.8,1,0,child
393,32380,263284,3.8,0,1,adult
393,37530,263284,3.8,0,1,adult
393,38560,263284,3.8,0,1,adult
393,41740,263284,3.8,1,0,child
393,42380,263284,3.8,1,1,both
393,42530,263284,3.8,1,1,both
393,42620,263284,3.8,1,0,child
393,43380,263284,3.8,0,1,adult
393,43480,263284,3.8,0,1,adult
393,44090,263284,3.8,1,0,child
393,44290,263284,3.8,0,1,adult
393,44730,263284,3.8,0,1,adult
393,45400,263284,3.8,0,1,adult
393,50340,263284,3.8,0,1,adult
393,52370,263284,3.8,0,1,adult
399,3930,263652,5.15,1,0,child
399,4870,263652,5.15,0,1,adult
399,5420,263652,5.15,1,0,child
399,7720,263652,5.15,0,1,adult
399,7960,263652,5.15,0,1,adult
399,7970,263652,5.15,0,1,adult
399,8910,263652,5.15,1,0,child
399,9060,263652,5.15,0,1,adult
399,9530,263652,5.15,0,1,adult
399,11050,263652,5.15,0,1,adult
399,11190,263652,5.15,0,1,adult
399,13910,263652,5.15,0,1,adult
399,16380,263652,5.15,0,1,adult
399,18330,263652,5.15,0,1,adult
399,27890,263652,5.15,0,1,adult
399,29590,263652,5.15,1,0,child
399,32400,263652,5.15,0,1,adult
399,35000,263652,5.15,0,1,adult
399,36770,263652,5.15,1,0,child
399,37780,263652,5.15,0,1,adult
399,38000,263652,5.15,0,1,adult
399,40690,263652,5.15,1,0,child
399,40710,263652,5.15,0,1,adult
399,40800,263652,5.15,0,1,adult
399,45690,263652,5.15,1,0,child
399,46280,263652,5.15,1,0,child
399,46570,263652,5.15,0,1,adult
399,46580,263652,5.15,0,1,adult
399,46770,263652,5.15,0,1,adult
399,47020,263652,5.15,0,1,adult
399,48530,263652,5.15,0,1,adult
399,49070,263652,5.15,0,1,adult
399,49310,263652,5.15,0,1,adult
399,49420,263652,5.15,0,1,adult
399,52230,263652,5.15,0,1,adult
400,1440,263652,5.15,1,0,child
400,14060,263652,5.15,1,0,child
400,15670,263652,5.15,1,0,child
413,10,264041,3.52,1,0,child
413,80,264041,3.52,1,1,both
413,570,264041,3.52,1,0,child
413,730,264041,3.52,0,1,adult
413,1200,264041,3.52,1,1,both
413,1340,264041,3.52,0,1,adult
413,1480,264041,3.52,1,0,child
413,1770,264041,3.52,0,1,adult
413,1840,264041,3.52,1,1,both
413,1950,264041,3.52,1,1,both
413,2430,264041,3.52,0,1,adult
413,2810,264041,3.52,1,0,child
413,3080,264041,3.52,1,1,both
413,3170,264041,3.52,0,1,adult
413,3270,264041,3.52,0,1,adult
413,3480,264041,3.52,1,1,both
413,3600,264041,3.52,0,1,adult
413,4040,264041,3.52,1,0,child
413,6460,264041,3.52,1,0,child
413,7170,264041,3.52,0,1,adult
413,7500,264041,3.52,0,1,adult
413,7530,264041,3.52,1,0,child
413,7850,264041,3.52,1,0,child
413,9130,264041,3.52,1,1,both
413,9200,264041,3.52,0,1,adult
413,9340,264041,3.52,0,1,adult
413,9360,264041,3.52,0,1,adult
413,9500,264041,3.52,0,1,adult
413,9750,264041,3.52,0,1,adult
413,10050,264041,3.52,0,1,adult
413,10090,264041,3.52,0,1,adult
413,11070,264041,3.52,1,1,both
413,11330,264041,3.52,0,1,adult
413,11590,264041,3.52,1,1,both
413,11780,264041,3.52,0,1,adult
413,11840,264041,3.52,0,1,adult
413,11950,264041,3.52,0,1,adult
413,12820,264041,3.52,0,1,adult
413,12970,264041,3.52,0,1,adult
413,13080,264041,3.52,0,1,adult
413,13580,264041,3.52,1,1,both
413,13610,264041,3.52,1,1,both
413,13870,264041,3.52,0,1,adult
413,13900,264041,3.52,0,1,adult
413,15140,264041,3.52,0,1,adult
413,16170,264041,3.52,0,1,adult
413,16470,264041,3.52,0,1,adult
413,16630,264041,3.52,0,1,adult
413,17040,264041,3.52,0,1,adult
413,17230,264041,3.52,0,1,adult
413,18010,264041,3.52,1,1,both
413,18020,264041,3.52,1,1,both
413,18200,264041,3.52,0,1,adult
413,18610,264041,3.52,0,1,adult
413,18620,264041,3.52,0,1,adult
413,19470,264041,3.52,0,1,adult
413,19500,264041,3.52,1,1,both
413,20390,264041,3.52,1,0,child
413,20640,264041,3.52,1,1,both
413,20690,264041,3.52,1,1,both
413,20770,264041,3.52,1,1,both
413,20940,264041,3.52,1,1,both
413,21380,264041,3.52,1,0,child
413,21640,264041,3.52,1,0,child
413,21770,264041,3.52,0,1,adult
413,21900,264041,3.52,0,1,adult
413,22580,264041,3.52,1,0,child
413,22970,264041,3.52,1,0,child
413,23080,264041,3.52,1,1,both
413,23280,264041,3.52,1,1,both
413,23350,264041,3.52,1,1,both
413,23640,264041,3.52,1,0,child
413,24060,264041,3.52,0,1,adult
413,24300,264041,3.52,1,0,child
413,24430,264041,3.52,1,1,both
413,24470,264041,3.52,0,1,adult
413,24650,264041,3.52,0,1,adult
413,24890,264041,3.52,0,1,adult
413,25170,264041,3.52,0,1,adult
413,25490,264041,3.52,1,0,child
413,25640,264041,3.52,0,1,adult
413,26940,264041,3.52,0,1,adult
413,27040,264041,3.52,0,1,adult
413,27540,264041,3.52,0,1,adult
413,27670,264041,3.52,0,1,adult
413,28030,264041,3.52,0,1,adult
413,28050,264041,3.52,0,1,adult
413,28130,264041,3.52,0,1,adult
413,28590,264041,3.52,0,1,adult
413,29470,264041,3.52,0,1,adult
413,29610,264041,3.52,0,1,adult
413,29820,264041,3.52,1,1,both
413,30610,264041,3.52,1,1,both
413,31150,264041,3.52,1,0,child
413,31830,264041,3.52,0,1,adult
413,33000,264041,3.52,0,1,adult
413,33040,264041,3.52,0,1,adult
413,34520,264041,3.52,1,0,child
413,34800,264041,3.52,1,0,child
413,34940,264041,3.52,0,1,adult
413,36120,264041,3.52,0,1,adult
413,36130,264041,3.52,0,1,adult
413,36310,264041,3.52,0,1,adult
413,36670,264041,3.52,0,1,adult
413,36740,264041,3.52,0,1,adult
413,36980,264041,3.52,0,1,adult
413,37090,264041,3.52,0,1,adult
413,37100,264041,3.52,0,1,adult
413,37160,264041,3.52,0,1,adult
413,37250,264041,3.52,1,1,both
413,37290,264041,3.52,0,1,adult
413,37390,264041,3.52,0,1,adult
413,37580,264041,3.52,0,1,adult
413,37630,264041,3.52,0,1,adult
413,37720,264041,3.52,0,1,adult
413,38390,264041,3.52,1,0,child
413,38800,264041,3.52,0,1,adult
413,39070,264041,3.52,0,1,adult
413,39190,264041,3.52,0,1,adult
413,39410,264041,3.52,1,0,child
413,39550,264041,3.52,0,1,adult
413,39780,264041,3.52,1,0,child
413,39850,264041,3.52,0,1,adult
413,40570,264041,3.52,0,1,adult
413,40620,264041,3.52,1,1,both
413,41440,264041,3.52,1,1,both
413,42650,264041,3.52,0,1,adult
413,42830,264041,3.52,1,0,child
413,43140,264041,3.52,0,1,adult
413,43950,264041,3.52,1,0,child
413,44590,264041,3.52,1,1,both
413,44690,264041,3.52,0,1,adult
413,44850,264041,3.52,1,1,both
413,44890,264041,3.52,0,1,adult
413,45470,264041,3.52,1,0,child
413,45950,264041,3.52,0,1,adult
413,46020,264041,3.52,1,1,both
413,46270,264041,3.52,1,0,child
413,46340,264041,3.52,1,0,child
413,46690,264041,3.52,0,1,adult
413,46720,264041,3.52,1,1,both
413,46930,264041,3.52,0,1,adult
413,46970,264041,3.52,0,1,adult
413,47780,264041,3.52,1,1,both
413,48850,264041,3.52,0,1,adult
413,48970,264041,3.52,0,1,adult
413,49420,264041,3.52,1,1,both
413,49710,264041,3.52,0,1,adult
413,49800,264041,3.52,0,1,adult
413,50170,264041,3.52,0,1,adult
413,50460,264041,3.52,0,1,adult
413,51700,264041,3.52,0,1,adult
413,52480,264041,3.52,0,1,adult
413,52550,264041,3.52,0,1,adult
413,53280,264041,3.52,0,1,adult
413,53350,264041,3.52,0,1,adult
413,53380,264041,3.52,0,1,adult
413,53430,264041,3.52,0,1,adult
423,2950,264351,4.12,0,1,adult
423,3520,264351,4.12,0,1,adult
423,6480,264351,4.12,0,1,adult
423,11160,264351,4.12,0,1,adult
423,11380,264351,4.12,1,1,both
423,12850,264351,4.12,0,1,adult
423,13740,264351,4.12,1,0,child
423,13990,264351,4.12,0,1,adult
423,14260,264351,4.12,0,1,adult
423,15680,264351,4.12,0,1,adult
423,15690,264351,4.12,0,1,adult
423,16050,264351,4.12,0,1,adult
423,16060,264351,4.12,0,1,adult
423,16530,264351,4.12,0,1,adult
423,16600,264351,4.12,0,1,adult
423,17200,264351,4.12,0,1,adult
423,17400,264351,4.12,0,1,adult
423,18610,264351,4.12,0,1,adult
423,19510,264351,4.12,0,1,adult
423,19590,264351,4.12,0,1,adult
423,19670,264351,4.12,0,1,adult
423,19830,264351,4.12,0,1,adult
423,20140,264351,4.12,0,1,adult
423,20300,264351,4.12,0,1,adult
423,20390,264351,4.12,0,1,adult
423,21590,264351,4.12,1,1,both
423,21610,264351,4.12,1,1,both
423,21780,264351,4.12,0,1,adult
423,21880,264351,4.12,0,1,adult
423,22320,264351,4.12,0,1,adult
423,22680,264351,4.12,0,1,adult
423,22950,264351,4.12,0,1,adult
423,23740,264351,4.12,0,1,adult
423,24160,264351,4.12,0,1,adult
423,25430,264351,4.12,0,1,adult
423,25860,264351,4.12,0,1,adult
423,26070,264351,4.12,0,1,adult
423,26190,264351,4.12,0,1,adult
423,26220,264351,4.12,0,1,adult
423,26260,264351,4.12,0,1,adult
423,26280,264351,4.12,0,1,adult
423,26350,264351,4.12,0,1,adult
423,28300,264351,4.12,1,0,child
423,28380,264351,4.12,0,1,adult
423,28640,264351,4.12,0,1,adult
423,29350,264351,4.12,1,1,both
423,29620,264351,4.12,0,1,adult
423,29750,264351,4.12,0,1,adult
423,29900,264351,4.12,0,1,adult
423,31030,264351,4.12,0,1,adult
423,31350,264351,4.12,0,1,adult
423,32030,264351,4.12,0,1,adult
423,32400,264351,4.12,0,1,adult
423,32550,264351,4.12,0,1,adult
423,32560,264351,4.12,0,1,adult
423,32780,264351,4.12,0,1,adult
423,32940,264351,4.12,0,1,adult
423,33080,264351,4.12,0,1,adult
423,33750,264351,4.12,0,1,adult
423,33820,264351,4.12,0,1,adult
423,33940,264351,4.12,0,1,adult
423,34360,264351,4.12,0,1,adult
423,34390,264351,4.12,0,1,adult
423,34480,264351,4.12,0,1,adult
423,35030,264351,4.12,0,1,adult
423,35400,264351,4.12,0,1,adult
423,35450,264351,4.12,0,1,adult
423,35490,264351,4.12,0,1,adult
423,35780,264351,4.12,0,1,adult
423,35940,264351,4.12,0,1,adult
423,36130,264351,4.12,0,1,adult
423,36320,264351,4.12,0,1,adult
423,36440,264351,4.12,0,1,adult
423,36460,264351,4.12,0,1,adult
423,36490,264351,4.12,0,1,adult
423,37730,264351,4.12,0,1,adult
423,38000,264351,4.12,0,1,adult
423,38440,264351,4.12,0,1,adult
423,39910,264351,4.12,0,1,adult
423,40530,264351,4.12,0,1,adult
423,40640,264351,4.12,1,1,both
423,40930,264351,4.12,0,1,adult
423,42000,264351,4.12,0,1,adult
423,42120,264351,4.12,0,1,adult
423,42260,264351,4.12,0,1,adult
423,43340,264351,4.12,1,1,both
423,43610,264351,4.12,1,0,child
423,45590,264351,4.12,0,1,adult
423,45620,264351,4.12,0,1,adult
423,46820,264351,4.12,0,1,adult
423,46890,264351,4.12,0,1,adult
423,46970,264351,4.12,0,1,adult
423,47030,264351,4.12,0,1,adult
423,50090,264351,4.12,0,1,adult
423,51050,264351,4.12,0,1,adult
423,52380,264351,4.12,0,1,adult
423,52560,264351,4.12,0,1,adult
425,40,264351,4.12,0,1,adult
425,100,264351,4.12,0,1,adult
425,1200,264351,4.12,0,1,adult
425,1660,264351,4.12,0,1,adult
425,1910,264351,4.12,0,1,adult
425,2050,264351,4.12,0,1,adult
425,2150,264351,4.12,0,1,adult
425,2370,264351,4.12,0,1,adult
425,4010,264351,4.12,0,1,adult
425,4020,264351,4.12,0,1,adult
425,4590,264351,4.12,0,1,adult
425,4740,264351,4.12,0,1,adult
425,4920,264351,4.12,0,1,adult
425,5120,264351,4.12,0,1,adult
425,5520,264351,4.12,0,1,adult
425,6000,264351,4.12,0,1,adult
425,6050,264351,4.12,0,1,adult
425,7680,264351,4.12,0,1,adult
425,7800,264351,4.12,0,1,adult
425,7940,264351,4.12,0,1,adult
425,8540,264351,4.12,1,1,both
425,8790,264351,4.12,0,1,adult
425,9440,264351,4.12,0,1,adult
425,10620,264351,4.12,0,1,adult
425,10870,264351,4.12,0,1,adult
425,11290,264351,4.12,0,1,adult
425,11520,264351,4.12,1,1,both
425,11730,264351,4.12,0,1,adult
425,11760,264351,4.12,0,1,adult
425,11810,264351,4.12,0,1,adult
425,12030,264351,4.12,0,1,adult
425,12350,264351,4.12,0,1,adult
425,12560,264351,4.12,0,1,adult
425,13020,264351,4.12,0,1,adult
425,13400,264351,4.12,0,1,adult
425,13440,264351,4.12,0,1,adult
425,14030,264351,4.12,0,1,adult
425,14270,264351,4.12,0,1,adult
425,14430,264351,4.12,0,1,adult
425,14560,264351,4.12,0,1,adult
425,14620,264351,4.12,0,1,adult
425,15140,264351,4.12,1,0,child
425,15310,264351,4.12,0,1,adult
425,15970,264351,4.12,0,1,adult
425,17230,264351,4.12,0,1,adult
425,17760,264351,4.12,0,1,adult
425,17930,264351,4.12,0,1,adult
425,18290,264351,4.12,0,1,adult
425,18650,264351,4.12,0,1,adult
425,18900,264351,4.12,0,1,adult
425,19190,264351,4.12,0,1,adult
425,20420,264351,4.12,1,0,child
425,20630,264351,4.12,0,1,adult
425,20920,264351,4.12,0,1,adult
425,21030,264351,4.12,1,1,both
425,21550,264351,4.12,0,1,adult
425,21660,264351,4.12,1,1,both
425,22840,264351,4.12,0,1,adult
425,23200,264351,4.12,0,1,adult
425,24100,264351,4.12,1,1,both
425,24680,264351,4.12,1,0,child
425,24920,264351,4.12,1,1,both
425,25370,264351,4.12,1,0,child
425,25470,264351,4.12,0,1,adult
425,25730,264351,4.12,0,1,adult
425,25800,264351,4.12,0,1,adult
425,25960,264351,4.12,0,1,adult
425,25980,264351,4.12,0,1,adult
425,26060,264351,4.12,1,0,child
425,26240,264351,4.12,0,1,adult
425,27340,264351,4.12,0,1,adult
425,27420,264351,4.12,0,1,adult
425,29260,264351,4.12,1,1,both
425,29270,264351,4.12,1,1,both
425,29580,264351,4.12,0,1,adult
425,29590,264351,4.12,0,1,adult
425,29600,264351,4.12,0,1,adult
425,29670,264351,4.12,0,1,adult
425,30160,264351,4.12,0,1,adult
425,30550,264351,4.12,0,1,adult
425,30710,264351,4.12,1,1,both
425,30840,264351,4.12,0,1,adult
425,30990,264351,4.12,0,1,adult
425,31000,264351,4.12,0,1,adult
425,31090,264351,4.12,0,1,adult
425,31960,264351,4.12,0,1,adult
425,31990,264351,4.12,0,1,adult
425,32250,264351,4.12,0,1,adult
425,32530,264351,4.12,1,1,both
425,32910,264351,4.12,0,1,adult
425,33330,264351,4.12,1,0,child
425,33650,264351,4.12,0,1,adult
425,34150,264351,4.12,0,1,adult
425,34450,264351,4.12,1,0,child
425,34510,264351,4.12,0,1,adult
425,34650,264351,4.12,1,1,both
425,34670,264351,4.12,0,1,adult
425,35090,264351,4.12,1,0,child
425,35620,264351,4.12,1,1,both
425,35740,264351,4.12,0,1,adult
425,35750,264351,4.12,0,1,adult
425,36050,264351,4.12,0,1,adult
425,36480,264351,4.12,0,1,adult
425,36680,264351,4.12,1,1,both
425,36810,264351,4.12,1,1,both
425,37000,264351,4.12,1,1,both
425,37260,264351,4.12,0,1,adult
425,37730,264351,4.12,0,1,adult
425,37820,264351,4.12,1,1,both
425,38430,264351,4.12,1,1,both
425,38640,264351,4.12,1,0,child
425,39180,264351,4.12,1,1,both
425,39370,264351,4.12,1,1,both
425,39630,264351,4.12,0,1,adult
425,39790,264351,4.12,1,0,child
425,39880,264351,4.12,0,1,adult
425,39890,264351,4.12,1,0,child
425,40030,264351,4.12,0,1,adult
425,40460,264351,4.12,1,0,child
425,40860,264351,4.12,0,1,adult
425,41330,264351,4.12,0,1,adult
425,41620,264351,4.12,0,1,adult
425,41830,264351,4.12,0,1,adult
425,41970,264351,4.12,0,1,adult
425,42840,264351,4.12,1,0,child
425,42910,264351,4.12,1,0,child
425,44150,264351,4.12,1,1,both
425,44220,264351,4.12,0,1,adult
425,44560,264351,4.12,0,1,adult
425,44730,264351,4.12,0,1,adult
425,45080,264351,4.12,1,0,child
425,45640,264351,4.12,0,1,adult
425,46840,264351,4.12,0,1,adult
425,46910,264351,4.12,0,1,adult
425,46930,264351,4.12,1,1,both
425,47150,264351,4.12,0,1,adult
425,47430,264351,4.12,0,1,adult
425,47560,264351,4.12,0,1,adult
425,47610,264351,4.12,0,1,adult
425,48650,264351,4.12,0,1,adult
425,48690,264351,4.12,0,1,adult
425,48850,264351,4.12,0,1,adult
425,48880,264351,4.12,0,1,adult
425,49420,264351,4.12,0,1,adult
425,49830,264351,4.12,0,1,adult
425,49840,264351,4.12,0,1,adult
425,49890,264351,4.12,0,1,adult
425,49950,264351,4.12,0,1,adult
425,49980,264351,4.12,0,1,adult
425,50150,264351,4.12,0,1,adult
425,50190,264351,4.12,0,1,adult
425,50770,264351,4.12,0,1,adult
425,51320,264351,4.12,0,1,adult
425,51700,264351,4.12,1,0,child
425,51990,264351,4.12,0,1,adult
425,52070,264351,4.12,0,1,adult
425,52210,264351,4.12,0,1,adult
425,52320,264351,4.12,1,1,both
425,52770,264351,4.12,1,1,both
425,53160,264351,4.12,0,1,adult
425,53540,264351,4.12,0,1,adult
425,53770,264351,4.12,0,1,adult
429,1310,264356,3.68,1,0,child
429,1720,264356,3.68,0,1,adult
429,2100,264356,3.68,1,0,child
429,2340,264356,3.68,1,0,child
429,2860,264356,3.68,1,0,child
429,3670,264356,3.68,1,1,both
429,4250,264356,3.68,1,0,child
429,4840,264356,3.68,0,1,adult
429,6230,264356,3.68,1,0,child
429,6500,264356,3.68,1,1,both
429,6800,264356,3.68,0,1,adult
429,6900,264356,3.68,1,1,both
429,7130,264356,3.68,1,1,both
429,7410,264356,3.68,0,1,adult
429,7590,264356,3.68,1,1,both
429,7600,264356,3.68,1,0,child
429,7760,264356,3.68,1,0,child
429,9100,264356,3.68,1,1,both
429,9200,264356,3.68,1,0,child
429,9500,264356,3.68,1,0,child
429,9610,264356,3.68,1,1,both
429,10560,264356,3.68,1,0,child
429,10630,264356,3.68,0,1,adult
429,10710,264356,3.68,1,0,child
429,10830,264356,3.68,1,0,child
429,11410,264356,3.68,1,0,child
429,11980,264356,3.68,1,0,child
429,12650,264356,3.68,0,1,adult
429,12890,264356,3.68,0,1,adult
429,12940,264356,3.68,0,1,adult
429,12950,264356,3.68,1,1,both
429,13170,264356,3.68,0,1,adult
429,13680,264356,3.68,1,0,child
429,13950,264356,3.68,0,1,adult
429,13960,264356,3.68,1,1,both
429,14110,264356,3.68,1,0,child
429,15110,264356,3.68,1,1,both
429,15220,264356,3.68,0,1,adult
429,15550,264356,3.68,0,1,adult
429,15770,264356,3.68,1,0,child
429,16020,264356,3.68,1,1,both
429,16110,264356,3.68,1,0,child
429,16170,264356,3.68,1,0,child
429,16270,264356,3.68,1,0,child
429,16650,264356,3.68,1,1,both
429,17350,264356,3.68,1,1,both
429,17390,264356,3.68,1,1,both
429,17800,264356,3.68,0,1,adult
429,17950,264356,3.68,1,1,both
429,18500,264356,3.68,1,1,both
429,18600,264356,3.68,1,1,both
429,18890,264356,3.68,0,1,adult
429,19260,264356,3.68,0,1,adult
429,19380,264356,3.68,1,1,both
429,19830,264356,3.68,1,0,child
429,20240,264356,3.68,1,0,child
429,20250,264356,3.68,1,0,child
429,20430,264356,3.68,1,1,both
429,21440,264356,3.68,1,0,child
429,21870,264356,3.68,1,0,child
429,21970,264356,3.68,1,0,child
429,22170,264356,3.68,1,0,child
429,23380,264356,3.68,0,1,adult
429,24890,264356,3.68,0,1,adult
429,25010,264356,3.68,1,0,child
429,25570,264356,3.68,0,1,adult
429,25580,264356,3.68,0,1,adult
429,25850,264356,3.68,0,1,adult
429,25900,264356,3.68,0,1,adult
429,26010,264356,3.68,1,0,child
429,28130,264356,3.68,1,0,child
429,28190,264356,3.68,1,1,both
429,28310,264356,3.68,1,0,child
429,28520,264356,3.68,1,0,child
429,28770,264356,3.68,1,0,child
429,29210,264356,3.68,1,0,child
429,29580,264356,3.68,1,1,both
429,29640,264356,3.68,1,1,both
429,29960,264356,3.68,1,1,both
429,30100,264356,3.68,1,0,child
429,31060,264356,3.68,1,0,child
429,31270,264356,3.68,1,1,both
429,31280,264356,3.68,1,1,both
429,31530,264356,3.68,0,1,adult
429,31690,264356,3.68,0,1,adult
429,32150,264356,3.68,1,0,child
429,32200,264356,3.68,0,1,adult
429,32310,264356,3.68,0,1,adult
429,32370,264356,3.68,0,1,adult
429,33430,264356,3.68,1,1,both
429,35380,264356,3.68,0,1,adult
429,36070,264356,3.68,0,1,adult
429,36300,264356,3.68,0,1,adult
429,36360,264356,3.68,0,1,adult
429,38550,264356,3.68,0,1,adult
429,39730,264356,3.68,0,1,adult
429,39860,264356,3.68,0,1,adult
429,39970,264356,3.68,1,0,child
429,40170,264356,3.68,1,0,child
429,40250,264356,3.68,1,1,both
429,40290,264356,3.68,1,0,child
429,41000,264356,3.68,0,1,adult
429,41860,264356,3.68,1,0,child
429,41870,264356,3.68,1,0,child
429,45110,264356,3.68,0,1,adult
429,45310,264356,3.68,1,0,child
429,46700,264356,3.68,0,1,adult
429,46810,264356,3.68,0,1,adult
429,46970,264356,3.68,0,1,adult
429,47190,264356,3.68,0,1,adult
429,47340,264356,3.68,0,1,adult
429,47460,264356,3.68,0,1,adult
429,47470,264356,3.68,0,1,adult
429,51040,264356,3.68,0,1,adult
429,51500,264356,3.68,0,1,adult
429,51510,264356,3.68,0,1,adult
430,2880,264356,3.68,1,0,child
430,3510,264356,3.68,0,1,adult
430,3900,264356,3.68,1,0,child
430,4110,264356,3.68,1,1,both
430,4860,264356,3.68,0,1,adult
430,5950,264356,3.68,1,0,child
430,5960,264356,3.68,1,0,child
430,7870,264356,3.68,0,1,adult
430,11510,264356,3.68,1,0,child
430,11650,264356,3.68,0,1,adult
430,13320,264356,3.68,1,0,child
430,17920,264356,3.68,0,1,adult
430,18980,264356,3.68,0,1,adult
430,19730,264356,3.68,1,0,child
430,19800,264356,3.68,1,1,both
430,19910,264356,3.68,1,0,child
430,20220,264356,3.68,1,0,child
430,20930,264356,3.68,1,0,child
430,21700,264356,3.68,1,1,both
430,21850,264356,3.68,0,1,adult
430,22110,264356,3.68,1,1,both
430,22820,264356,3.68,0,1,adult
430,23380,264356,3.68,0,1,adult
430,30220,264356,3.68,0,1,adult
430,31230,264356,3.68,1,0,child
430,31630,264356,3.68,1,0,child
430,33760,264356,3.68,0,1,adult
430,34070,264356,3.68,1,1,both
430,34230,264356,3.68,1,1,both
430,34780,264356,3.68,1,0,child
430,35600,264356,3.68,1,0,child
430,37680,264356,3.68,1,1,both
430,37700,264356,3.68,1,0,child
430,40050,264356,3.68,1,0,child
430,40560,264356,3.68,1,0,child
430,40570,264356,3.68,1,0,child
430,41720,264356,3.68,0,1,adult
430,42510,264356,3.68,0,1,adult
430,42650,264356,3.68,1,0,child
430,42900,264356,3.68,0,1,adult
430,43440,264356,3.68,0,1,adult
430,43840,264356,3.68,0,1,adult
430,43850,264356,3.68,1,0,child
430,45480,264356,3.68,1,0,child
430,45490,264356,3.68,1,0,child
430,45740,264356,3.68,1,0,child
430,46390,264356,3.68,1,0,child
430,46420,264356,3.68,0,1,adult
430,46750,264356,3.68,0,1,adult
430,48140,264356,3.68,1,0,child
430,48150,264356,3.68,0,1,adult
430,48940,264356,3.68,1,1,both
430,49170,264356,3.68,0,1,adult
430,49310,264356,3.68,1,1,both
430,49370,264356,3.68,0,1,adult
430,49470,264356,3.68,0,1,adult
430,49780,264356,3.68,0,1,adult
430,51050,264356,3.68,1,0,child
430,51190,264356,3.68,1,1,both
430,51290,264356,3.68,0,1,adult
430,52950,264356,3.68,1,0,child
430,53240,264356,3.68,1,0,child
476,110,266050,3.62,0,1,adult
476,4430,266050,3.62,1,0,child
476,4650,266050,3.62,1,0,child
476,4670,266050,3.62,1,0,child
476,6680,266050,3.62,1,1,both
476,7810,266050,3.62,1,0,child
476,8120,266050,3.62,1,0,child
476,8650,266050,3.62,1,0,child
476,10720,266050,3.62,0,1,adult
476,11390,266050,3.62,0,1,adult
476,11620,266050,3.62,0,1,adult
476,11960,266050,3.62,1,0,child
476,13260,266050,3.62,1,0,child
476,13760,266050,3.62,0,1,adult
476,14340,266050,3.62,0,1,adult
476,16260,266050,3.62,0,1,adult
476,18160,266050,3.62,1,0,child
476,18290,266050,3.62,1,0,child
476,18420,266050,3.62,1,0,child
476,18460,266050,3.62,1,0,child
476,18770,266050,3.62,1,0,child
476,19480,266050,3.62,0,1,adult
476,19580,266050,3.62,1,0,child
476,20210,266050,3.62,0,1,adult
476,20440,266050,3.62,1,1,both
476,20690,266050,3.62,0,1,adult
476,22660,266050,3.62,1,1,both
476,23140,266050,3.62,0,1,adult
476,23790,266050,3.62,1,0,child
476,26160,266050,3.62,0,1,adult
476,26530,266050,3.62,0,1,adult
476,26550,266050,3.62,1,0,child
476,26560,266050,3.62,0,1,adult
476,28250,266050,3.62,1,0,child
476,29340,266050,3.62,1,0,child
476,29940,266050,3.62,0,1,adult
476,32850,266050,3.62,0,1,adult
476,32920,266050,3.62,0,1,adult
476,34040,266050,3.62,1,1,both
476,34070,266050,3.62,0,1,adult
476,40300,266050,3.62,0,1,adult
476,41690,266050,3.62,0,1,adult
476,43150,266050,3.62,0,1,adult
476,43930,266050,3.62,0,1,adult
476,44330,266050,3.62,1,0,child
476,44880,266050,3.62,1,0,child
476,47470,266050,3.62,1,0,child
476,47860,266050,3.62,1,0,child
476,48710,266050,3.62,0,1,adult
476,48900,266050,3.62,0,1,adult
476,49070,266050,3.62,1,0,child
476,49120,266050,3.62,1,0,child
476,49500,266050,3.62,1,1,both
476,49800,266050,3.62,0,1,adult
476,50140,266050,3.62,1,1,both
476,50510,266050,3.62,1,0,child
476,51620,266050,3.62,1,0,child
476,51700,266050,3.62,0,1,adult
476,51940,266050,3.62,0,1,adult
476,52610,266050,3.62,1,0,child
476,53260,266050,3.62,0,1,adult
476,53480,266050,3.62,1,0,child
483,2110,266050,3.63,0,1,adult
483,2560,266050,3.63,0,1,adult
483,5780,266050,3.63,0,1,adult
483,6220,266050,3.63,1,0,child
483,7320,266050,3.63,0,1,adult
483,7360,266050,3.63,0,1,adult
483,8740,266050,3.63,0,1,adult
483,8910,266050,3.63,0,1,adult
485,790,266050,3.64,1,0,child
485,1250,266050,3.64,0,1,adult
485,1900,266050,3.64,0,1,adult
485,4500,266050,3.64,0,1,adult
485,6890,266050,3.64,1,0,child
485,7210,266050,3.64,0,1,adult
485,8010,266050,3.64,1,0,child
485,8180,266050,3.64,1,0,child
485,8420,266050,3.64,0,1,adult
485,9950,266050,3.64,1,0,child
485,10110,266050,3.64,0,1,adult
485,11250,266050,3.64,0,1,adult
485,11280,266050,3.64,0,1,adult
485,11530,266050,3.64,0,1,adult
485,11660,266050,3.64,0,1,adult
485,11920,266050,3.64,0,1,adult
485,11930,266050,3.64,0,1,adult
485,12170,266050,3.64,1,0,child
485,12300,266050,3.64,1,0,child
485,12470,266050,3.64,0,1,adult
485,13170,266050,3.64,1,0,child
485,13960,266050,3.64,0,1,adult
485,14380,266050,3.64,1,0,child
485,15370,266050,3.64,0,1,adult
485,17660,266050,3.64,1,1,both
485,17930,266050,3.64,1,1,both
485,18840,266050,3.64,0,1,adult
485,19280,266050,3.64,0,1,adult
485,19420,266050,3.64,0,1,adult
485,21220,266050,3.64,1,0,child
485,21260,266050,3.64,1,1,both
485,22170,266050,3.64,0,1,adult
485,22540,266050,3.64,0,1,adult
485,22960,266050,3.64,1,1,both
485,23100,266050,3.64,0,1,adult
485,23450,266050,3.64,1,0,child
485,25020,266050,3.64,1,1,both
485,25330,266050,3.64,1,0,child
485,25370,266050,3.64,1,1,both
485,25480,266050,3.64,0,1,adult
485,25710,266050,3.64,0,1,adult
485,25770,266050,3.64,0,1,adult
485,26630,266050,3.64,0,1,adult
485,28900,266050,3.64,0,1,adult
485,29010,266050,3.64,1,0,child
485,30650,266050,3.64,0,1,adult
485,32090,266050,3.64,1,1,both
485,34510,266050,3.64,1,0,child
485,34620,266050,3.64,0,1,adult
485,34680,266050,3.64,0,1,adult
485,34710,266050,3.64,0,1,adult
485,35100,266050,3.64,1,0,child
485,35430,266050,3.64,0,1,adult
485,35520,266050,3.64,1,1,both
485,35550,266050,3.64,0,1,adult
485,35810,266050,3.64,0,1,adult
485,35930,266050,3.64,0,1,adult
485,38500,266050,3.64,0,1,adult
485,38990,266050,3.64,0,1,adult
485,39000,266050,3.64,1,0,child
485,40130,266050,3.64,0,1,adult
485,40150,266050,3.64,0,1,adult
485,40330,266050,3.64,0,1,adult
485,40500,266050,3.64,0,1,adult
485,40980,266050,3.64,1,0,child
485,44410,266050,3.64,1,0,child
485,45900,266050,3.64,0,1,adult
485,46640,266050,3.64,1,1,both
485,46660,266050,3.64,1,1,both
485,47110,266050,3.64,1,0,child
485,47230,266050,3.64,1,0,child
485,47370,266050,3.64,1,1,both
485,47650,266050,3.64,1,0,child
485,47950,266050,3.64,1,1,both
485,48830,266050,3.64,1,1,both
485,48920,266050,3.64,1,1,both
485,49040,266050,3.64,1,1,both
485,49090,266050,3.64,1,1,both
485,49310,266050,3.64,1,1,both
485,50010,266050,3.64,0,1,adult
485,50440,266050,3.64,0,1,adult
485,51000,266050,3.64,0,1,adult
485,51020,266050,3.64,0,1,adult
485,51470,266050,3.64,1,0,child
485,52370,266050,3.64,0,1,adult
485,52680,266050,3.64,0,1,adult
485,53170,266050,3.64,0,1,adult
485,53340,266050,3.64,0,1,adult
485,53420,266050,3.64,0,1,adult
485,53470,266050,3.64,0,1,adult
485,53530,266050,3.64,0,1,adult
485,53840,266050,3.64,0,1,adult
