PROJECT;ID;DATE;NR;DURATION;Minutes_per_ID;Minutes_per_ID_text;Minutes_per_ID_time;COMMENTS;file name  (generated automatically);Include;nr str;date_str
quantex_at_home_pakistan;265285;23.06.21;1;00:30:00;0,00;00:00:00;00:00:00;recordings from Pakistan;quantex_at_home_pakistan_id265285_2021_06_23_01;no;01;2021_06_23
quantex_at_home_pakistan;265285;23.06.21;2;00:30:00;0,00;00:00:00;00:00:00;recordings from Pakistan;quantex_at_home_pakistan_id265285_2021_06_23_02;no;02;2021_06_23
quantex_at_home_pakistan;265285;23.06.21;3;00:25:59;0,00;00:00:00;00:00:00;recordings from Pakistan;quantex_at_home_pakistan_id265285_2021_06_23_03;no;03;2021_06_23
quantex_at_home_pakistan;265285;08.06.21;1;00:05:49;0,00;00:00:00;00:00:00;recordings from Pakistan;quantex_at_home_pakistan_id265285_2021_06_08_01;no;01;2021_06_08
quantex_at_home_pakistan;265286;28.06.21;1;00:30:00;0,00;00:00:00;00:00:00;recordings from Pakistan;quantex_at_home_pakistan_id265286_2021_06_28_01;no;01;2021_06_28
quantex_at_home_pakistan;265286;28.06.21;2;00:30:00;0,00;00:00:00;00:00:00;recordings from Pakistan;quantex_at_home_pakistan_id265286_2021_06_28_02;no;02;2021_06_28
quantex_at_home_pakistan;265286;28.06.21;3;00:07:06;0,00;00:00:00;00:00:00;recordings from Pakistan;quantex_at_home_pakistan_id265286_2021_06_28_03;no;03;2021_06_28
quantex_at_home;256461;29.10.21;1;00:30:00;206,07;03:26:04;03:26:04;Greyscale;quantex_at_home_id256461_2021_10_29_01;yes;01;2021_10_29
quantex_at_home;256461;29.10.21;2;00:30:00;206,07;03:26:04;03:26:04;Greyscale;quantex_at_home_id256461_2021_10_29_02;yes;02;2021_10_29
quantex_at_home;256461;31.10.21;1;00:30:00;206,07;03:26:04;03:26:04;Greyscale;quantex_at_home_id256461_2021_10_31_01;yes;01;2021_10_31
quantex_at_home;256461;31.10.21;2;00:30:00;206,07;03:26:04;03:26:04;Greyscale;quantex_at_home_id256461_2021_10_31_02;yes;02;2021_10_31
quantex_at_home;256461;31.10.21;3;00:30:00;206,07;03:26:04;03:26:04;Greyscale;quantex_at_home_id256461_2021_10_31_03;yes;03;2021_10_31
quantex_at_home;256461;31.10.21;4;00:07:43;206,07;03:26:04;03:26:04;Greyscale;quantex_at_home_id256461_2021_10_31_04;yes;04;2021_10_31
quantex_at_home;256461;02.11.21;1;00:18:21;206,07;03:26:04;03:26:04;Greyscale;quantex_at_home_id256461_2021_11_02_01;yes;01;2021_11_02
quantex_at_home;256461;02.11.21;2;00:30:00;206,07;03:26:04;03:26:04;Greyscale;quantex_at_home_id256461_2021_11_02_02;yes;02;2021_11_02
quantex_at_home;257108;18.06.21;1;00:10:26;10,43;00:10:26;00:10:26;;quantex_at_home_id257108_2021_06_18_01;yes;01;2021_06_18
quantex_at_home;257511;06.07.21;1;00:30:00;119,32;01:59:19;01:59:19;;quantex_at_home_id257511_2021_07_06_01;yes;01;2021_07_06
quantex_at_home;257511;06.07.21;2;00:24:03;119,32;01:59:19;01:59:19;;quantex_at_home_id257511_2021_07_06_02;yes;02;2021_07_06
quantex_at_home;257511;12.07.21;1;00:30:00;119,32;01:59:19;01:59:19;;quantex_at_home_id257511_2021_07_12_01;yes;01;2021_07_12
quantex_at_home;257511;12.07.21;2;00:21:01;119,32;01:59:19;01:59:19;;quantex_at_home_id257511_2021_07_12_02;yes;02;2021_07_12
quantex_at_home;257511;13.07.21;1;00:14:15;119,32;01:59:19;01:59:19;;quantex_at_home_id257511_2021_07_13_01;yes;01;2021_07_13
quantex_at_home;257573;30.03.21;1;00:06:13;15,73;00:15:44;00:15:44;;quantex_at_home_id257573_2021_03_30_01;yes;01;2021_03_30
quantex_at_home;257573;31.03.21;1;00:05:25;15,73;00:15:44;00:15:44;;quantex_at_home_id257573_2021_03_31_01;yes;01;2021_03_31
quantex_at_home;257573;02.04.21;1;00:04:06;15,73;00:15:44;00:15:44;;quantex_at_home_id257573_2021_04_02_01;yes;01;2021_04_02
quantex_at_home;257578;12.05.21;1;00:02:45;163,88;02:43:53;02:43:53;;quantex_at_home_id257578_2021_05_12_01;yes;01;2021_05_12
quantex_at_home;257578;12.05.21;2;00:08:13;163,88;02:43:53;02:43:53;;quantex_at_home_id257578_2021_05_12_02;yes;02;2021_05_12
quantex_at_home;257578;12.05.21;3;00:02:40;163,88;02:43:53;02:43:53;;quantex_at_home_id257578_2021_05_12_03;yes;03;2021_05_12
quantex_at_home;257578;12.05.21;4;00:28:53;163,88;02:43:53;02:43:53;;quantex_at_home_id257578_2021_05_12_04;yes;04;2021_05_12
quantex_at_home;257578;12.05.21;5;00:28:52;163,88;02:43:53;02:43:53;;quantex_at_home_id257578_2021_05_12_05;yes;05;2021_05_12
quantex_at_home;257578;12.05.21;6;00:21:26;163,88;02:43:53;02:43:53;;quantex_at_home_id257578_2021_05_12_06;yes;06;2021_05_12
quantex_at_home;257578;16.05.21;1;00:28:51;163,88;02:43:53;02:43:53;;quantex_at_home_id257578_2021_05_16_01;yes;01;2021_05_16
quantex_at_home;257578;16.05.21;2;00:02:43;163,88;02:43:53;02:43:53;;quantex_at_home_id257578_2021_05_16_02;yes;02;2021_05_16
quantex_at_home;257578;16.05.21;3;00:28:51;163,88;02:43:53;02:43:53;;quantex_at_home_id257578_2021_05_16_03;yes;03;2021_05_16
quantex_at_home;257578;16.05.21;4;00:10:39;163,88;02:43:53;02:43:53;;quantex_at_home_id257578_2021_05_16_04;yes;04;2021_05_16
quantex_at_home;257608;12.11.21;1;00:30:00;335,73;05:35:44;05:35:44;;quantex_at_home_id257608_2021_11_12_01;yes;01;2021_11_12
quantex_at_home;257608;19.12.21;1;00:30:00;335,73;05:35:44;05:35:44;;quantex_at_home_id257608_2021_12_19_01;yes;01;2021_12_19
quantex_at_home;257608;19.12.21;2;00:30:00;335,73;05:35:44;05:35:44;;quantex_at_home_id257608_2021_12_19_02;yes;02;2021_12_19
quantex_at_home;257608;19.12.21;3;00:30:00;335,73;05:35:44;05:35:44;;quantex_at_home_id257608_2021_12_19_03;yes;03;2021_12_19
quantex_at_home;257608;19.12.21;4;00:07:11;335,73;05:35:44;05:35:44;;quantex_at_home_id257608_2021_12_19_04;yes;04;2021_12_19
quantex_at_home;257608;19.12.21;5;00:30:00;335,73;05:35:44;05:35:44;;quantex_at_home_id257608_2021_12_19_05;yes;05;2021_12_19
quantex_at_home;257608;19.12.21;6;00:07:54;335,73;05:35:44;05:35:44;;quantex_at_home_id257608_2021_12_19_06;yes;06;2021_12_19
quantex_at_home;257608;20.12.21;1;00:30:00;335,73;05:35:44;05:35:44;;quantex_at_home_id257608_2021_12_20_01;yes;01;2021_12_20
quantex_at_home;257608;20.12.21;2;00:30:00;335,73;05:35:44;05:35:44;;quantex_at_home_id257608_2021_12_20_02;yes;02;2021_12_20
quantex_at_home;257608;20.12.21;3;00:22:59;335,73;05:35:44;05:35:44;;quantex_at_home_id257608_2021_12_20_03;yes;03;2021_12_20
quantex_at_home;257608;20.12.21;4;00:30:00;335,73;05:35:44;05:35:44;;quantex_at_home_id257608_2021_12_20_04;yes;04;2021_12_20
quantex_at_home;257608;20.12.21;5;00:30:00;335,73;05:35:44;05:35:44;;quantex_at_home_id257608_2021_12_20_05;yes;05;2021_12_20
quantex_at_home;257608;20.12.21;6;00:27:40;335,73;05:35:44;05:35:44;;quantex_at_home_id257608_2021_12_20_06;yes;06;2021_12_20
quantex_at_home;258192;05.11.21;1;00:30:00;160,35;02:40:21;02:40:21;Greyscale;quantex_at_home_id258192_2021_11_05_01;yes;01;2021_11_05
quantex_at_home;258192;05.11.21;2;00:25:20;160,35;02:40:21;02:40:21;Greyscale;quantex_at_home_id258192_2021_11_05_02;yes;02;2021_11_05
quantex_at_home;258192;07.11.21;1;00:30:00;160,35;02:40:21;02:40:21;Greyscale;quantex_at_home_id258192_2021_11_07_01;yes;01;2021_11_07
quantex_at_home;258192;09.11.21;1;00:21:29;160,35;02:40:21;02:40:21;Greyscale;quantex_at_home_id258192_2021_11_09_01;yes;01;2021_11_09
quantex_at_home;258192;13.11.21;1;00:30:00;160,35;02:40:21;02:40:21;Greyscale;quantex_at_home_id258192_2021_11_13_01;yes;01;2021_11_13
quantex_at_home;258192;13.11.21;2;00:23:32;160,35;02:40:21;02:40:21;Greyscale;quantex_at_home_id258192_2021_11_13_02;yes;02;2021_11_13
quantex_at_home;258239;15.02.21;1;00:28:52;272,32;04:32:19;04:32:19;;quantex_at_home_id258239_2021_02_15_01;yes;01;2021_02_15
quantex_at_home;258239;15.02.21;2;00:29:01;272,32;04:32:19;04:32:19;;quantex_at_home_id258239_2021_02_15_02;yes;02;2021_02_15
quantex_at_home;258239;15.02.21;3;00:28:56;272,32;04:32:19;04:32:19;;quantex_at_home_id258239_2021_02_15_03;yes;03;2021_02_15
quantex_at_home;258239;17.02.21;1;00:28:52;272,32;04:32:19;04:32:19;;quantex_at_home_id258239_2021_02_17_01;yes;01;2021_02_17
quantex_at_home;258239;17.02.21;2;00:28:52;272,32;04:32:19;04:32:19;;quantex_at_home_id258239_2021_02_17_02;yes;02;2021_02_17
quantex_at_home;258239;30.11.20;1;00:28:52;272,32;04:32:19;04:32:19;;quantex_at_home_id258239_2020_11_30_01;yes;01;2020_11_30
quantex_at_home;258239;30.11.20;2;00:23:20;272,32;04:32:19;04:32:19;;quantex_at_home_id258239_2020_11_30_02;yes;02;2020_11_30
quantex_at_home;258239;29.03.20;1;00:15:00;272,32;04:32:19;04:32:19;;quantex_at_home_id258239_2020_03_29_01;yes;01;2020_03_29
quantex_at_home;258239;29.03.20;2;00:13:43;272,32;04:32:19;04:32:19;;quantex_at_home_id258239_2020_03_29_02;yes;02;2020_03_29
quantex_at_home;258239;23.08.20;1;00:05:58;272,32;04:32:19;04:32:19;;quantex_at_home_id258239_2020_08_23_01;yes;01;2020_08_23
quantex_at_home;258239;23.08.20;2;00:04:17;272,32;04:32:19;04:32:19;;quantex_at_home_id258239_2020_08_23_02;yes;02;2020_08_23
quantex_at_home;258239;23.08.20;3;00:00:45;272,32;04:32:19;04:32:19;;quantex_at_home_id258239_2020_08_23_03;yes;03;2020_08_23
quantex_at_home;258239;23.08.20;4;00:10:37;272,32;04:32:19;04:32:19;;quantex_at_home_id258239_2020_08_23_04;yes;04;2020_08_23
quantex_at_home;258239;23.08.20;5;00:25:14;272,32;04:32:19;04:32:19;;quantex_at_home_id258239_2020_08_23_05;yes;05;2020_08_23
quantex_at_home;258704;04.05.22;1;00:30:00;378,12;06:18:07;06:18:07;;quantex_at_home_id258704_2022_05_04_01;yes;01;2022_05_04
quantex_at_home;258704;07.05.22;1;00:06:17;378,12;06:18:07;06:18:07;;quantex_at_home_id258704_2022_05_07_01;yes;01;2022_05_07
quantex_at_home;258704;07.05.22;2;00:30:00;378,12;06:18:07;06:18:07;;quantex_at_home_id258704_2022_05_07_02;yes;02;2022_05_07
quantex_at_home;258704;07.05.22;3;00:30:00;378,12;06:18:07;06:18:07;;quantex_at_home_id258704_2022_05_07_03;yes;03;2022_05_07
quantex_at_home;258704;07.05.22;4;00:07:26;378,12;06:18:07;06:18:07;;quantex_at_home_id258704_2022_05_07_04;yes;04;2022_05_07
quantex_at_home;258704;10.05.22;1;00:30:00;378,12;06:18:07;06:18:07;;quantex_at_home_id258704_2022_05_10_01;yes;01;2022_05_10
quantex_at_home;258704;10.05.22;2;00:08:46;378,12;06:18:07;06:18:07;;quantex_at_home_id258704_2022_05_10_02;yes;02;2022_05_10
quantex_at_home;258704;12.05.22;1;00:30:00;378,12;06:18:07;06:18:07;;quantex_at_home_id258704_2022_05_12_01;yes;01;2022_05_12
quantex_at_home;258704;14.05.22;1;00:30:00;378,12;06:18:07;06:18:07;;quantex_at_home_id258704_2022_05_14_01;yes;01;2022_05_14
quantex_at_home;258704;14.05.22;2;00:22:12;378,12;06:18:07;06:18:07;;quantex_at_home_id258704_2022_05_14_02;yes;02;2022_05_14
quantex_at_home;258704;15.05.22;1;00:30:00;378,12;06:18:07;06:18:07;;quantex_at_home_id258704_2022_05_15_01;yes;01;2022_05_15
quantex_at_home;258704;17.05.22;1;00:30:00;378,12;06:18:07;06:18:07;;quantex_at_home_id258704_2022_05_17_01;yes;01;2022_05_17
quantex_at_home;258704;17.05.22;2;00:30:00;378,12;06:18:07;06:18:07;;quantex_at_home_id258704_2022_05_17_02;yes;02;2022_05_17
quantex_at_home;258704;17.05.22;3;00:14:08;378,12;06:18:07;06:18:07;;quantex_at_home_id258704_2022_05_17_03;yes;03;2022_05_17
quantex_at_home;258704;24.05.22;1;00:30:00;378,12;06:18:07;06:18:07;;quantex_at_home_id258704_2022_05_24_01;yes;01;2022_05_24
quantex_at_home;258704;24.05.22;2;00:04:05;378,12;06:18:07;06:18:07;;quantex_at_home_id258704_2022_05_24_02;yes;02;2022_05_24
quantex_at_home;258704;29.05.22;1;00:15:13;378,12;06:18:07;06:18:07;;quantex_at_home_id258704_2022_05_29_01;yes;01;2022_05_29
quantex_at_home;260106;13.11.22;1;00:30:00;93,28;01:33:17;01:33:17;;quantex_at_home_id260106_2022_11_13_01;yes;01;2022_11_13
quantex_at_home;260106;13.11.22;2;00:30:00;93,28;01:33:17;01:33:17;;quantex_at_home_id260106_2022_11_13_02;yes;02;2022_11_13
quantex_at_home;260106;13.11.22;3;00:14:23;93,28;01:33:17;01:33:17;;quantex_at_home_id260106_2022_11_13_03;yes;03;2022_11_13
quantex_at_home;260106;13.11.22;4;00:18:54;93,28;01:33:17;01:33:17;;quantex_at_home_id260106_2022_11_13_04;yes;04;2022_11_13
quantex_at_home;260176;05.11.22;1;00:30:00;186,28;03:06:17;03:06:17;;quantex_at_home_id260176_2022_11_05_01;yes;01;2022_11_05
quantex_at_home;260176;05.11.22;2;00:11:43;186,28;03:06:17;03:06:17;;quantex_at_home_id260176_2022_11_05_02;yes;02;2022_11_05
quantex_at_home;260176;06.11.22;1;00:30:00;186,28;03:06:17;03:06:17;;quantex_at_home_id260176_2022_11_06_01;yes;01;2022_11_06
quantex_at_home;260176;06.11.22;2;00:30:00;186,28;03:06:17;03:06:17;;quantex_at_home_id260176_2022_11_06_02;yes;02;2022_11_06
quantex_at_home;260176;13.11.22;1;00:30:00;186,28;03:06:17;03:06:17;;quantex_at_home_id260176_2022_11_13_01;yes;01;2022_11_13
quantex_at_home;260176;13.11.22;2;00:30:00;186,28;03:06:17;03:06:17;;quantex_at_home_id260176_2022_11_13_02;yes;02;2022_11_13
quantex_at_home;260176;13.11.22;3;00:24:34;186,28;03:06:17;03:06:17;;quantex_at_home_id260176_2022_11_13_03;yes;03;2022_11_13
quantex_at_home;260275;12.04.22;1;00:09:39;69,57;01:09:34;01:09:34;;quantex_at_home_id260275_2022_04_12_01;yes;01;2022_04_12
quantex_at_home;260275;16.04.22;1;00:22:10;69,57;01:09:34;01:09:34;;quantex_at_home_id260275_2022_04_16_01;yes;01;2022_04_16
quantex_at_home;260275;28.04.22;1;00:07:45;69,57;01:09:34;01:09:34;;quantex_at_home_id260275_2022_04_28_01;yes;01;2022_04_28
quantex_at_home;260275;27.05.22;1;00:30:00;69,57;01:09:34;01:09:34;;quantex_at_home_id260275_2022_05_27_01;yes;01;2022_05_27
quantex_at_home;260478;05.11.22;1;00:30:00;57,70;00:57:42;00:57:42;;quantex_at_home_id260478_2022_11_05_01;yes;01;2022_11_05
quantex_at_home;260478;05.11.22;2;00:27:42;57,70;00:57:42;00:57:42;;quantex_at_home_id260478_2022_11_05_02;yes;02;2022_11_05
quantex_at_home;260539;30.10.21;1;00:30:00;221,55;03:41:33;03:41:33;Greyscale;quantex_at_home_id260539_2021_10_30_01;yes;01;2021_10_30
quantex_at_home;260539;30.10.21;2;00:30:00;221,55;03:41:33;03:41:33;Greyscale;quantex_at_home_id260539_2021_10_30_02;yes;02;2021_10_30
quantex_at_home;260539;30.10.21;3;00:30:00;221,55;03:41:33;03:41:33;Greyscale;quantex_at_home_id260539_2021_10_30_03;yes;03;2021_10_30
quantex_at_home;260539;30.10.21;4;00:30:00;221,55;03:41:33;03:41:33;Greyscale;quantex_at_home_id260539_2021_10_30_04;yes;04;2021_10_30
quantex_at_home;260539;30.10.21;5;00:30:00;221,55;03:41:33;03:41:33;Greyscale;quantex_at_home_id260539_2021_10_30_05;yes;05;2021_10_30
quantex_at_home;260539;30.10.21;6;00:30:00;221,55;03:41:33;03:41:33;Greyscale;quantex_at_home_id260539_2021_10_30_06;yes;06;2021_10_30
quantex_at_home;260539;30.10.21;7;00:30:00;221,55;03:41:33;03:41:33;Greyscale;quantex_at_home_id260539_2021_10_30_07;yes;07;2021_10_30
quantex_at_home;260539;30.10.21;8;00:11:33;221,55;03:41:33;03:41:33;Greyscale;quantex_at_home_id260539_2021_10_30_08;yes;08;2021_10_30
quantex_at_home;260694;12.04.22;1;00:30:00;60,00;01:00:00;01:00:00;;quantex_at_home_id260694_2022_04_12_01;yes;01;2022_04_12
quantex_at_home;260694;21.05.22;1;00:30:00;60,00;01:00:00;01:00:00;;quantex_at_home_id260694_2022_05_21_01;yes;01;2022_05_21
quantex_at_home;260694;21.05.22;2;00:11:29;60,00;01:00:00;01:00:00;child is not wearing camera;quantex_at_home_id260694_2022_05_21_02;no;02;2022_05_21
quantex_at_home;260694;29.06.22;1;00:30:00;60,00;01:00:00;01:00:00;child is not wearing camera;quantex_at_home_id260694_2022_06_29_01;no;01;2022_06_29
quantex_at_home;260694;29.06.22;2;00:30:00;60,00;01:00:00;01:00:00;child is not wearing camera;quantex_at_home_id260694_2022_06_29_02;no;02;2022_06_29
quantex_at_home;260694;29.06.22;3;00:30:00;60,00;01:00:00;01:00:00;child is not wearing camera;quantex_at_home_id260694_2022_06_29_03;no;03;2022_06_29
quantex_at_home;260772;17.08.22;1;00:06:41;82,25;01:22:15;01:22:15;;quantex_at_home_id260772_2022_08_17_01;yes;01;2022_08_17
quantex_at_home;260772;23.08.22;1;00:30:00;82,25;01:22:15;01:22:15;;quantex_at_home_id260772_2022_08_23_01;yes;01;2022_08_23
quantex_at_home;260772;23.08.22;2;00:20:50;82,25;01:22:15;01:22:15;;quantex_at_home_id260772_2022_08_23_02;yes;02;2022_08_23
quantex_at_home;260772;02.10.22;1;00:24:44;82,25;01:22:15;01:22:15;;quantex_at_home_id260772_2022_10_02_01;yes;01;2022_10_02
quantex_at_home;261610;01.04.22;1;00:30:00;225,13;03:45:08;03:45:08;;quantex_at_home_id261610_2022_04_01_01;yes;01;2022_04_01
quantex_at_home;261610;01.04.22;2;00:29:08;225,13;03:45:08;03:45:08;;quantex_at_home_id261610_2022_04_01_02;yes;02;2022_04_01
quantex_at_home;261610;01.04.22;3;00:30:00;225,13;03:45:08;03:45:08;;quantex_at_home_id261610_2022_04_01_03;yes;03;2022_04_01
quantex_at_home;261610;01.04.22;4;00:16:08;225,13;03:45:08;03:45:08;;quantex_at_home_id261610_2022_04_01_04;yes;04;2022_04_01
quantex_at_home;261610;01.04.22;5;00:30:00;225,13;03:45:08;03:45:08;;quantex_at_home_id261610_2022_04_01_05;yes;05;2022_04_01
quantex_at_home;261610;01.04.22;6;00:30:00;225,13;03:45:08;03:45:08;;quantex_at_home_id261610_2022_04_01_06;yes;06;2022_04_01
quantex_at_home;261610;15.04.22;1;00:29:52;225,13;03:45:08;03:45:08;;quantex_at_home_id261610_2022_04_15_01;yes;01;2022_04_15
quantex_at_home;261610;18.04.22;1;00:30:00;225,13;03:45:08;03:45:08;;quantex_at_home_id261610_2022_04_18_01;yes;01;2022_04_18
quantex_at_home;262179;22.01.23;1;00:30:00;150,00;02:30:00;02:30:00;;quantex_at_home_id262179_2023_01_22_01;yes;01;2023_01_22
quantex_at_home;262179;22.01.23;2;00:30:00;150,00;02:30:00;02:30:00;;quantex_at_home_id262179_2023_01_22_02;yes;02;2023_01_22
quantex_at_home;262179;22.01.23;3;00:30:00;150,00;02:30:00;02:30:00;;quantex_at_home_id262179_2023_01_22_03;yes;03;2023_01_22
quantex_at_home;262179;22.01.23;4;00:30:00;150,00;02:30:00;02:30:00;;quantex_at_home_id262179_2023_01_22_04;yes;04;2023_01_22
quantex_at_home;262179;22.01.23;5;00:30:00;150,00;02:30:00;02:30:00;;quantex_at_home_id262179_2023_01_22_05;yes;05;2023_01_22
quantex_at_home;262208;05.11.22;1;00:30:00;107,10;01:47:06;01:47:06;;quantex_at_home_id262208_2022_11_05_01;yes;01;2022_11_05
quantex_at_home;262208;05.11.22;2;00:30:00;107,10;01:47:06;01:47:06;;quantex_at_home_id262208_2022_11_05_02;yes;02;2022_11_05
quantex_at_home;262208;05.11.22;3;00:30:00;107,10;01:47:06;01:47:06;;quantex_at_home_id262208_2022_11_05_03;yes;03;2022_11_05
quantex_at_home;262208;05.11.22;4;00:17:06;107,10;01:47:06;01:47:06;;quantex_at_home_id262208_2022_11_05_04;yes;04;2022_11_05
quantex_at_home;262246;26.06.23;1;00:17:32;263,78;04:23:47;04:23:47;;quantex_at_home_id262246_2023_06_26_01;yes;01;2023_06_26
quantex_at_home;262246;26.06.23;2;00:30:00;263,78;04:23:47;04:23:47;;quantex_at_home_id262246_2023_06_26_02;yes;02;2023_06_26
quantex_at_home;262246;26.06.23;3;00:30:00;263,78;04:23:47;04:23:47;;quantex_at_home_id262246_2023_06_26_03;yes;03;2023_06_26
quantex_at_home;262246;26.08.23;1;00:30:00;263,78;04:23:47;04:23:47;;quantex_at_home_id262246_2023_08_26_01;yes;01;2023_08_26
quantex_at_home;262246;26.08.23;2;00:30:00;263,78;04:23:47;04:23:47;;quantex_at_home_id262246_2023_08_26_02;yes;02;2023_08_26
quantex_at_home;262246;26.08.23;3;00:22:48;263,78;04:23:47;04:23:47;;quantex_at_home_id262246_2023_08_26_03;yes;03;2023_08_26
quantex_at_home;262246;16.09.23;1;00:30:00;263,78;04:23:47;04:23:47;;quantex_at_home_id262246_2023_09_16_01;yes;01;2023_09_16
quantex_at_home;262246;16.09.23;2;00:30:00;263,78;04:23:47;04:23:47;;quantex_at_home_id262246_2023_09_16_02;yes;02;2023_09_16
quantex_at_home;262246;16.09.23;3;00:30:00;263,78;04:23:47;04:23:47;;quantex_at_home_id262246_2023_09_16_03;yes;03;2023_09_16
quantex_at_home;262246;16.09.23;4;00:13:27;263,78;04:23:47;04:23:47;;quantex_at_home_id262246_2023_09_16_04;yes;04;2023_09_16
quantex_at_home;262356;10.09.23;1;00:30:00;133,78;02:13:47;02:13:47;;quantex_at_home_id262356_2023_09_10_01;yes;01;2023_09_10
quantex_at_home;262356;10.09.23;2;00:30:00;133,78;02:13:47;02:13:47;;quantex_at_home_id262356_2023_09_10_02;yes;02;2023_09_10
quantex_at_home;262356;10.09.23;3;00:30:00;133,78;02:13:47;02:13:47;;quantex_at_home_id262356_2023_09_10_03;yes;03;2023_09_10
quantex_at_home;262356;10.09.23;4;00:30:00;133,78;02:13:47;02:13:47;;quantex_at_home_id262356_2023_09_10_04;yes;04;2023_09_10
quantex_at_home;262356;10.09.23;5;00:13:47;133,78;02:13:47;02:13:47;;quantex_at_home_id262356_2023_09_10_05;yes;05;2023_09_10
quantex_at_home;262565;08.05.22;1;00:30:00;168,65;02:48:39;02:48:39;;quantex_at_home_id262565_2022_05_08_01;yes;01;2022_05_08
quantex_at_home;262565;08.05.22;2;00:30:00;168,65;02:48:39;02:48:39;;quantex_at_home_id262565_2022_05_08_02;yes;02;2022_05_08
quantex_at_home;262565;08.05.22;3;00:30:00;168,65;02:48:39;02:48:39;;quantex_at_home_id262565_2022_05_08_03;yes;03;2022_05_08
quantex_at_home;262565;08.05.22;4;00:08:03;168,65;02:48:39;02:48:39;;quantex_at_home_id262565_2022_05_08_04;yes;04;2022_05_08
quantex_at_home;262565;26.05.22;1;00:30:00;168,65;02:48:39;02:48:39;;quantex_at_home_id262565_2022_05_26_01;yes;01;2022_05_26
quantex_at_home;262565;26.05.22;2;00:30:00;168,65;02:48:39;02:48:39;;quantex_at_home_id262565_2022_05_26_02;yes;02;2022_05_26
quantex_at_home;262565;26.05.22;3;00:10:36;168,65;02:48:39;02:48:39;;quantex_at_home_id262565_2022_05_26_03;yes;03;2022_05_26
quantex_at_home;262691;25.02.22;1;00:06:03;184,55;03:04:33;03:04:33;;quantex_at_home_id262691_2022_02_25_01;yes;01;2022_02_25
quantex_at_home;262691;28.02.22;1;00:24:14;184,55;03:04:33;03:04:33;;quantex_at_home_id262691_2022_02_28_01;yes;01;2022_02_28
quantex_at_home;262691;05.03.22;1;00:25:40;184,55;03:04:33;03:04:33;;quantex_at_home_id262691_2022_03_05_01;yes;01;2022_03_05
quantex_at_home;262691;19.03.22;1;00:30:00;184,55;03:04:33;03:04:33;;quantex_at_home_id262691_2022_03_19_01;yes;01;2022_03_19
quantex_at_home;262691;19.03.22;2;00:30:00;184,55;03:04:33;03:04:33;;quantex_at_home_id262691_2022_03_19_02;yes;02;2022_03_19
quantex_at_home;262691;22.03.22;1;00:30:00;184,55;03:04:33;03:04:33;;quantex_at_home_id262691_2022_03_22_01;yes;01;2022_03_22
quantex_at_home;262691;22.03.22;2;00:30:00;184,55;03:04:33;03:04:33;;quantex_at_home_id262691_2022_03_22_02;yes;02;2022_03_22
quantex_at_home;262691;22.03.22;3;00:08:36;184,55;03:04:33;03:04:33;;quantex_at_home_id262691_2022_03_22_03;yes;03;2022_03_22
quantex_at_home;262726;24.03.23;1;00:30:00;313,77;05:13:46;05:13:46;;quantex_at_home_id262726_2023_03_24_01;yes;01;2023_03_24
quantex_at_home;262726;24.03.23;2;00:25:26;313,77;05:13:46;05:13:46;;quantex_at_home_id262726_2023_03_24_02;yes;02;2023_03_24
quantex_at_home;262726;26.03.23;1;00:30:00;313,77;05:13:46;05:13:46;;quantex_at_home_id262726_2023_03_26_01;yes;01;2023_03_26
quantex_at_home;262726;26.03.23;2;00:30:00;313,77;05:13:46;05:13:46;;quantex_at_home_id262726_2023_03_26_02;yes;02;2023_03_26
quantex_at_home;262726;26.03.23;3;00:23:38;313,77;05:13:46;05:13:46;;quantex_at_home_id262726_2023_03_26_03;yes;03;2023_03_26
quantex_at_home;262726;28.03.23;1;00:22:37;313,77;05:13:46;05:13:46;;quantex_at_home_id262726_2023_03_28_01;yes;01;2023_03_28
quantex_at_home;262726;29.03.23;1;00:08:43;313,77;05:13:46;05:13:46;;quantex_at_home_id262726_2023_03_29_01;yes;01;2023_03_29
quantex_at_home;262726;14.04.23;1;00:30:00;313,77;05:13:46;05:13:46;;quantex_at_home_id262726_2023_04_14_01;yes;01;2023_04_14
quantex_at_home;262726;14.04.23;2;00:30:00;313,77;05:13:46;05:13:46;;quantex_at_home_id262726_2023_04_14_02;yes;02;2023_04_14
quantex_at_home;262726;15.04.23;1;00:30:00;313,77;05:13:46;05:13:46;;quantex_at_home_id262726_2023_04_15_01;yes;01;2023_04_15
quantex_at_home;262726;15.04.23;2;00:26:28;313,77;05:13:46;05:13:46;;quantex_at_home_id262726_2023_04_15_02;yes;02;2023_04_15
quantex_at_home;262726;20.04.23;1;00:26:54;313,77;05:13:46;05:13:46;;quantex_at_home_id262726_2023_04_20_01;yes;01;2023_04_20
quantex_at_home;262748;18.09.23;1;00:24:26;143,80;02:23:48;02:23:48;;quantex_at_home_id262748_2023_09_18_01;yes;01;2023_09_18
quantex_at_home;262748;18.09.23;2;00:30:00;143,80;02:23:48;02:23:48;;quantex_at_home_id262748_2023_09_18_02;yes;02;2023_09_18
quantex_at_home;262748;18.09.23;3;00:30:00;143,80;02:23:48;02:23:48;;quantex_at_home_id262748_2023_09_18_03;yes;03;2023_09_18
quantex_at_home;262748;18.09.23;4;00:16:02;143,80;02:23:48;02:23:48;;quantex_at_home_id262748_2023_09_18_04;yes;04;2023_09_18
quantex_at_home;262748;22.09.23;1;00:30:00;143,80;02:23:48;02:23:48;;quantex_at_home_id262748_2023_09_22_01;yes;01;2023_09_22
quantex_at_home;262748;22.09.23;2;00:13:20;143,80;02:23:48;02:23:48;;quantex_at_home_id262748_2023_09_22_02;yes;02;2023_09_22
quantex_at_home;262758;10.07.23;1;00:27:01;57,02;00:57:01;00:57:01;;quantex_at_home_id262758_2023_07_10_01;yes;01;2023_07_10
quantex_at_home;262758;13.07.23;1;00:30:00;57,02;00:57:01;00:57:01;;quantex_at_home_id262758_2023_07_13_01;yes;01;2023_07_13
quantex_at_home;263190;12.07.22;1;00:19:39;146,30;02:26:18;02:26:18;;quantex_at_home_id263190_2022_07_12_01;yes;01;2022_07_12
quantex_at_home;263190;14.08.22;1;00:30:00;146,30;02:26:18;02:26:18;;quantex_at_home_id263190_2022_08_14_01;yes;01;2022_08_14
quantex_at_home;263190;14.08.22;2;00:30:00;146,30;02:26:18;02:26:18;;quantex_at_home_id263190_2022_08_14_02;yes;02;2022_08_14
quantex_at_home;263190;14.08.22;3;00:30:00;146,30;02:26:18;02:26:18;;quantex_at_home_id263190_2022_08_14_03;yes;03;2022_08_14
quantex_at_home;263190;14.08.22;4;00:07:53;146,30;02:26:18;02:26:18;;quantex_at_home_id263190_2022_08_14_04;yes;04;2022_08_14
quantex_at_home;263190;11.10.22;1;00:28:46;146,30;02:26:18;02:26:18;;quantex_at_home_id263190_2022_10_11_01;yes;01;2022_10_11
quantex_at_home;263239;03.12.22;1;00:30:00;62,72;01:02:43;01:02:43;;quantex_at_home_id263239_2022_12_03_01;yes;01;2022_12_03
quantex_at_home;263239;03.12.22;2;00:15:58;62,72;01:02:43;01:02:43;;quantex_at_home_id263239_2022_12_03_02;yes;02;2022_12_03
quantex_at_home;263239;04.12.22;1;00:16:45;62,72;01:02:43;01:02:43;;quantex_at_home_id263239_2022_12_04_01;yes;01;2022_12_04
quantex_at_home;263284;25.06.23;1;00:30:00;270,00;04:30:00;04:30:00;;quantex_at_home_id263284_2023_06_25_01;yes;01;2023_06_25
quantex_at_home;263284;25.06.23;2;00:30:00;270,00;04:30:00;04:30:00;;quantex_at_home_id263284_2023_06_25_02;yes;02;2023_06_25
quantex_at_home;263284;25.06.23;3;00:30:00;270,00;04:30:00;04:30:00;;quantex_at_home_id263284_2023_06_25_03;yes;03;2023_06_25
quantex_at_home;263284;25.06.23;4;00:30:00;270,00;04:30:00;04:30:00;;quantex_at_home_id263284_2023_06_25_04;yes;04;2023_06_25
quantex_at_home;263284;25.06.23;5;00:30:00;270,00;04:30:00;04:30:00;;quantex_at_home_id263284_2023_06_25_05;yes;05;2023_06_25
quantex_at_home;263284;25.06.23;6;00:30:00;270,00;04:30:00;04:30:00;;quantex_at_home_id263284_2023_06_25_06;yes;06;2023_06_25
quantex_at_home;263284;25.06.23;7;00:30:00;270,00;04:30:00;04:30:00;;quantex_at_home_id263284_2023_06_25_07;yes;07;2023_06_25
quantex_at_home;263284;25.06.23;8;00:30:00;270,00;04:30:00;04:30:00;;quantex_at_home_id263284_2023_06_25_08;yes;08;2023_06_25
quantex_at_home;263284;25.06.23;9;00:30:00;270,00;04:30:00;04:30:00;;quantex_at_home_id263284_2023_06_25_09;yes;09;2023_06_25
quantex_at_home;263293;29.08.22;1;00:30:00;72,33;01:12:20;01:12:20;;quantex_at_home_id263293_2022_08_29_01;yes;01;2022_08_29
quantex_at_home;263293;29.08.22;2;00:30:00;72,33;01:12:20;01:12:20;;quantex_at_home_id263293_2022_08_29_02;yes;02;2022_08_29
quantex_at_home;263293;29.08.22;3;00:12:20;72,33;01:12:20;01:12:20;;quantex_at_home_id263293_2022_08_29_03;yes;03;2022_08_29
quantex_at_home;263880;23.06.23;1;00:20:23;20,38;00:20:23;00:20:23;;quantex_at_home_id263880_2023_06_23_01;yes;01;2023_06_23
quantex_at_home;263986;29.11.22;1;00:30:00;182,05;03:02:03;03:02:03;;quantex_at_home_id263986_2022_11_29_01;yes;01;2022_11_29
quantex_at_home;263986;29.11.22;2;00:17:56;182,05;03:02:03;03:02:03;;quantex_at_home_id263986_2022_11_29_02;yes;02;2022_11_29
quantex_at_home;263986;03.12.22;1;00:30:00;182,05;03:02:03;03:02:03;;quantex_at_home_id263986_2022_12_03_01;yes;01;2022_12_03
quantex_at_home;263986;03.12.22;2;00:27:33;182,05;03:02:03;03:02:03;;quantex_at_home_id263986_2022_12_03_02;yes;02;2022_12_03
quantex_at_home;263986;05.12.22;1;00:30:00;182,05;03:02:03;03:02:03;;quantex_at_home_id263986_2022_12_05_01;yes;01;2022_12_05
quantex_at_home;263986;05.12.22;2;00:30:00;182,05;03:02:03;03:02:03;;quantex_at_home_id263986_2022_12_05_02;yes;02;2022_12_05
quantex_at_home;263986;05.12.22;3;00:16:34;182,05;03:02:03;03:02:03;;quantex_at_home_id263986_2022_12_05_03;yes;03;2022_12_05
quantex_at_home;264041;22.05.23;1;00:13:20;190,60;03:10:36;03:10:36;;quantex_at_home_id264041_2023_05_22_01;yes;01;2023_05_22
quantex_at_home;264041;22.05.23;2;00:27:16;190,60;03:10:36;03:10:36;;quantex_at_home_id264041_2023_05_22_02;yes;02;2023_05_22
quantex_at_home;264041;22.05.23;3;00:30:00;190,60;03:10:36;03:10:36;;quantex_at_home_id264041_2023_05_22_03;yes;03;2023_05_22
quantex_at_home;264041;22.05.23;4;00:30:00;190,60;03:10:36;03:10:36;;quantex_at_home_id264041_2023_05_22_04;yes;04;2023_05_22
quantex_at_home;264041;22.05.23;5;00:30:00;190,60;03:10:36;03:10:36;;quantex_at_home_id264041_2023_05_22_05;yes;05;2023_05_22
quantex_at_home;264041;22.05.23;6;00:30:00;190,60;03:10:36;03:10:36;;quantex_at_home_id264041_2023_05_22_06;yes;06;2023_05_22
quantex_at_home;264041;22.05.23;7;00:30:00;190,60;03:10:36;03:10:36;;quantex_at_home_id264041_2023_05_22_07;yes;07;2023_05_22
quantex_at_home;264089;14.05.23;1;00:30:00;139,98;02:19:59;02:19:59;;quantex_at_home_id264089_2023_05_14_01;yes;01;2023_05_14
quantex_at_home;264089;14.05.23;2;00:30:00;139,98;02:19:59;02:19:59;;quantex_at_home_id264089_2023_05_14_02;yes;02;2023_05_14
quantex_at_home;264089;14.05.23;3;00:30:00;139,98;02:19:59;02:19:59;;quantex_at_home_id264089_2023_05_14_03;yes;03;2023_05_14
quantex_at_home;264089;14.05.23;4;00:19:59;139,98;02:19:59;02:19:59;;quantex_at_home_id264089_2023_05_14_04;yes;04;2023_05_14
quantex_at_home;264089;21.05.23;1;00:30:00;139,98;02:19:59;02:19:59;;quantex_at_home_id264089_2023_05_21_01;yes;01;2023_05_21
quantex_at_home;264235;05.06.23;1;00:30:00;109,30;01:49:18;01:49:18;;quantex_at_home_id264235_2023_06_05_01;yes;01;2023_06_05
quantex_at_home;264235;06.06.23;1;00:30:00;109,30;01:49:18;01:49:18;;quantex_at_home_id264235_2023_06_06_01;yes;01;2023_06_06
quantex_at_home;264235;06.06.23;2;00:19:18;109,30;01:49:18;01:49:18;;quantex_at_home_id264235_2023_06_06_02;yes;02;2023_06_06
quantex_at_home;264235;09.06.23;1;00:30:00;109,30;01:49:18;01:49:18;;quantex_at_home_id264235_2023_06_09_01;yes;01;2023_06_09
quantex_at_home;264356;05.07.23;1;00:30:00;138,27;02:18:16;02:18:16;;quantex_at_home_id264356_2023_07_05_01;yes;01;2023_07_05
quantex_at_home;264356;05.07.23;2;00:30:00;138,27;02:18:16;02:18:16;;quantex_at_home_id264356_2023_07_05_02;yes;02;2023_07_05
quantex_at_home;264356;05.07.23;3;00:30:00;138,27;02:18:16;02:18:16;;quantex_at_home_id264356_2023_07_05_03;yes;03;2023_07_05
quantex_at_home;264356;05.07.23;4;00:30:00;138,27;02:18:16;02:18:16;;quantex_at_home_id264356_2023_07_05_04;yes;04;2023_07_05
quantex_at_home;264356;05.07.23;5;00:18:16;138,27;02:18:16;02:18:16;;quantex_at_home_id264356_2023_07_05_05;yes;05;2023_07_05
quantex_at_home;264585;16.08.23;1;00:30:00;258,23;04:18:14;04:18:14;;quantex_at_home_id264585_2023_08_16_01;yes;01;2023_08_16
quantex_at_home;264585;16.08.23;2;00:30:00;258,23;04:18:14;04:18:14;;quantex_at_home_id264585_2023_08_16_02;yes;02;2023_08_16
quantex_at_home;264585;18.08.23;1;00:30:00;258,23;04:18:14;04:18:14;;quantex_at_home_id264585_2023_08_18_01;yes;01;2023_08_18
quantex_at_home;264585;19.08.23;1;00:30:00;258,23;04:18:14;04:18:14;;quantex_at_home_id264585_2023_08_19_01;yes;01;2023_08_19
quantex_at_home;264585;19.08.23;2;00:18:14;258,23;04:18:14;04:18:14;;quantex_at_home_id264585_2023_08_19_02;yes;02;2023_08_19
quantex_at_home;264585;29.08.23;1;00:30:00;258,23;04:18:14;04:18:14;;quantex_at_home_id264585_2023_08_29_01;yes;01;2023_08_29
quantex_at_home;264585;29.08.23;2;00:30:00;258,23;04:18:14;04:18:14;;quantex_at_home_id264585_2023_08_29_02;yes;02;2023_08_29
quantex_at_home;264585;01.09.23;1;00:30:00;258,23;04:18:14;04:18:14;;quantex_at_home_id264585_2023_09_01_01;yes;01;2023_09_01
quantex_at_home;264585;01.09.23;2;00:30:00;258,23;04:18:14;04:18:14;;quantex_at_home_id264585_2023_09_01_02;yes;02;2023_09_01
quantex_at_home;265779;16.05.23;1;00:30:00;258,43;04:18:26;04:18:26;Greyscale, no date;quantex_at_home_id265779_2023_05_16_01;yes;01;2023_05_16
quantex_at_home;265779;20.04.23;9;00:10:33;258,43;04:18:26;04:18:26;Greyscale, no date;quantex_at_home_id265779_2023_04_20_09;yes;09;2023_04_20
quantex_at_home;265779;20.04.23;8;00:30:00;258,43;04:18:26;04:18:26;Greyscale, no date;quantex_at_home_id265779_2023_04_20_08;yes;08;2023_04_20
quantex_at_home;265779;20.04.23;7;00:30:00;258,43;04:18:26;04:18:26;Greyscale, no date;quantex_at_home_id265779_2023_04_20_07;yes;07;2023_04_20
quantex_at_home;265779;20.04.23;6;00:16:20;258,43;04:18:26;04:18:26;Greyscale, no date;quantex_at_home_id265779_2023_04_20_06;yes;06;2023_04_20
quantex_at_home;265779;20.04.23;5;00:22:03;258,43;04:18:26;04:18:26;Greyscale, no date;quantex_at_home_id265779_2023_04_20_05;yes;05;2023_04_20
quantex_at_home;265779;20.04.23;4;00:29:30;258,43;04:18:26;04:18:26;Greyscale, no date;quantex_at_home_id265779_2023_04_20_04;yes;04;2023_04_20
quantex_at_home;265779;20.04.23;3;00:30:00;258,43;04:18:26;04:18:26;Greyscale, no date;quantex_at_home_id265779_2023_04_20_03;yes;03;2023_04_20
quantex_at_home;265779;20.04.23;2;00:30:00;258,43;04:18:26;04:18:26;Greyscale, no date;quantex_at_home_id265779_2023_04_20_02;yes;02;2023_04_20
quantex_at_home;265779;20.04.23;1;00:30:00;258,43;04:18:26;04:18:26;Greyscale, no date;quantex_at_home_id265779_2023_04_20_01;yes;01;2023_04_20
quantex_at_home;267094;29.03.23;1;00:17:50;112,18;01:52:11;01:52:11;;quantex_at_home_id267094_2023_03_29_01;yes;01;2023_03_29
quantex_at_home;267094;31.03.23;1;00:27:59;112,18;01:52:11;01:52:11;;quantex_at_home_id267094_2023_03_31_01;yes;01;2023_03_31
quantex_at_home;267094;06.04.23;1;00:30:00;112,18;01:52:11;01:52:11;;quantex_at_home_id267094_2023_04_06_01;yes;01;2023_04_06
quantex_at_home;267094;06.04.23;2;00:24:11;112,18;01:52:11;01:52:11;;quantex_at_home_id267094_2023_04_06_02;yes;02;2023_04_06
quantex_at_home;267094;07.04.23;1;00:12:11;112,18;01:52:11;01:52:11;;quantex_at_home_id267094_2023_04_07_01;yes;01;2023_04_07
quantex_at_home;267863;17.08.22;1;00:27:10;95,85;01:35:51;01:35:51;;quantex_at_home_id267863_2022_08_17_01;yes;01;2022_08_17
quantex_at_home;267863;23.08.22;1;00:30:00;95,85;01:35:51;01:35:51;;quantex_at_home_id267863_2022_08_23_01;yes;01;2022_08_23
quantex_at_home;267863;23.08.22;2;00:14:02;95,85;01:35:51;01:35:51;;quantex_at_home_id267863_2022_08_23_02;yes;02;2022_08_23
quantex_at_home;267863;03.10.22;1;00:24:39;95,85;01:35:51;01:35:51;;quantex_at_home_id267863_2022_10_03_01;yes;01;2022_10_03
quantex_at_home;268898;30.11.22;1;00:30:00;152,10;02:32:06;02:32:06;;quantex_at_home_id268898_2022_11_30_01;yes;01;2022_11_30
quantex_at_home;268898;30.11.22;2;00:30:00;152,10;02:32:06;02:32:06;;quantex_at_home_id268898_2022_11_30_02;yes;02;2022_11_30
quantex_at_home;268898;30.11.22;3;00:19:21;152,10;02:32:06;02:32:06;;quantex_at_home_id268898_2022_11_30_03;yes;03;2022_11_30
quantex_at_home;268898;15.12.22;1;00:30:00;152,10;02:32:06;02:32:06;;quantex_at_home_id268898_2022_12_15_01;yes;01;2022_12_15
quantex_at_home;268898;15.12.22;2;00:30:00;152,10;02:32:06;02:32:06;;quantex_at_home_id268898_2022_12_15_02;yes;02;2022_12_15
quantex_at_home;268898;15.12.22;3;00:12:45;152,10;02:32:06;02:32:06;;quantex_at_home_id268898_2022_12_15_03;yes;03;2022_12_15
quantex_at_home;273855;04.06.23;1;00:30:00;168,90;02:48:54;02:48:54;;quantex_at_home_id273855_2023_06_04_01;yes;01;2023_06_04
quantex_at_home;273855;04.06.23;2;00:30:00;168,90;02:48:54;02:48:54;;quantex_at_home_id273855_2023_06_04_02;yes;02;2023_06_04
quantex_at_home;273855;08.06.23;1;00:30:00;168,90;02:48:54;02:48:54;;quantex_at_home_id273855_2023_06_08_01;yes;01;2023_06_08
quantex_at_home;273855;08.06.23;2;00:27:32;168,90;02:48:54;02:48:54;;quantex_at_home_id273855_2023_06_08_02;yes;02;2023_06_08
quantex_at_home;273855;09.06.23;1;00:30:00;168,90;02:48:54;02:48:54;;quantex_at_home_id273855_2023_06_09_01;yes;01;2023_06_09
quantex_at_home;273855;09.06.23;2;00:21:22;168,90;02:48:54;02:48:54;;quantex_at_home_id273855_2023_06_09_02;yes;02;2023_06_09
quantex_at_home;254922;12.04.22;1;00:19:33;112,15;01:52:09;01:52:09;;quantex_at_home_id254922_2022_04_12_01;yes;01;2022_04_12
quantex_at_home;254922;19.04.22;1;00:26:18;112,15;01:52:09;01:52:09;;quantex_at_home_id254922_2022_04_19_01;yes;01;2022_04_19
quantex_at_home;254922;21.04.22;1;00:25:29;112,15;01:52:09;01:52:09;;quantex_at_home_id254922_2022_04_21_01;yes;01;2022_04_21
quantex_at_home;254922;21.05.22;1;00:30:00;112,15;01:52:09;01:52:09;;quantex_at_home_id254922_2022_05_21_01;yes;01;2022_05_21
quantex_at_home;254922;21.05.22;2;00:10:49;112,15;01:52:09;01:52:09;;quantex_at_home_id254922_2022_05_21_02;yes;02;2022_05_21
quantex_at_home;254922;29.06.22;1;00:30:00;112,15;01:52:09;01:52:09;child is not wearing camera;quantex_at_home_id254922_2022_06_29_01;no;01;2022_06_29
quantex_at_home;254922;29.06.22;2;00:30:00;112,15;01:52:09;01:52:09;child is not wearing camera;quantex_at_home_id254922_2022_06_29_02;no;02;2022_06_29
quantex_at_home;254922;29.06.22;3;00:30:00;112,15;01:52:09;01:52:09;child is not wearing camera;quantex_at_home_id254922_2022_06_29_03;no;03;2022_06_29
quantex_at_home;255237;08.05.22;1;00:30:00;165,68;02:45:41;02:45:41;;quantex_at_home_id255237_2022_05_08_01;yes;01;2022_05_08
quantex_at_home;255237;08.05.22;2;00:30:00;165,68;02:45:41;02:45:41;;quantex_at_home_id255237_2022_05_08_02;yes;02;2022_05_08
quantex_at_home;255237;08.05.22;3;00:30:00;165,68;02:45:41;02:45:41;;quantex_at_home_id255237_2022_05_08_03;yes;03;2022_05_08
quantex_at_home;255237;08.05.22;4;00:07:21;165,68;02:45:41;02:45:41;;quantex_at_home_id255237_2022_05_08_04;yes;04;2022_05_08
quantex_at_home;255237;26.05.22;1;00:30:00;165,68;02:45:41;02:45:41;;quantex_at_home_id255237_2022_05_26_01;yes;01;2022_05_26
quantex_at_home;255237;26.05.22;2;00:30:00;165,68;02:45:41;02:45:41;;quantex_at_home_id255237_2022_05_26_02;yes;02;2022_05_26
quantex_at_home;255237;26.05.22;3;00:08:20;165,68;02:45:41;02:45:41;;quantex_at_home_id255237_2022_05_26_03;yes;03;2022_05_26
quantex_at_home;255695;12.02.22;1;00:15:45;68,22;01:08:13;01:08:13;;quantex_at_home_id255695_2022_02_12_01;yes;01;2022_02_12
quantex_at_home;255695;12.02.22;2;00:15:12;68,22;01:08:13;01:08:13;;quantex_at_home_id255695_2022_02_12_02;yes;02;2022_02_12
quantex_at_home;255695;21.02.22;1;00:30:00;68,22;01:08:13;01:08:13;;quantex_at_home_id255695_2022_02_21_01;yes;01;2022_02_21
quantex_at_home;255695;21.02.22;2;00:04:13;68,22;01:08:13;01:08:13;;quantex_at_home_id255695_2022_02_21_02;yes;02;2022_02_21
quantex_at_home;255695;26.02.22;1;00:03:03;68,22;01:08:13;01:08:13;;quantex_at_home_id255695_2022_02_26_01;yes;01;2022_02_26
quantex_at_home;255706;12.04.22;1;00:10:06;68,83;01:08:50;01:08:50;;quantex_at_home_id255706_2022_04_12_01;yes;01;2022_04_12
quantex_at_home;255706;15.04.22;1;00:20:14;68,83;01:08:50;01:08:50;;quantex_at_home_id255706_2022_04_15_01;yes;01;2022_04_15
quantex_at_home;255706;16.04.22;1;00:20:18;68,83;01:08:50;01:08:50;;quantex_at_home_id255706_2022_04_16_01;yes;01;2022_04_16
quantex_at_home;255706;21.12.18;1;00:18:12;68,83;01:08:50;01:08:50;;quantex_at_home_id255706_2018_12_21_01;yes;01;2018_12_21
quantex_at_home;271700;08.03.23;1;00:17:11;111,50;01:51:30;01:51:30;;quantex_at_home_id271700_2023_03_08_01;yes;01;2023_03_08
quantex_at_home;271700;27.03.23;1;00:21:59;111,50;01:51:30;01:51:30;;quantex_at_home_id271700_2023_03_27_01;yes;01;2023_03_27
quantex_at_home;271700;08.06.23;1;00:25:12;111,50;01:51:30;01:51:30;;quantex_at_home_id271700_2023_06_08_01;yes;01;2023_06_08
quantex_at_home;271700;08.06.23;2;00:07:16;111,50;01:51:30;01:51:30;;quantex_at_home_id271700_2023_06_08_02;yes;02;2023_06_08
quantex_at_home;271700;16.06.23;1;00:26:16;111,50;01:51:30;01:51:30;;quantex_at_home_id271700_2023_06_16_01;yes;01;2023_06_16
quantex_at_home;271700;19.06.23;1;00:13:36;111,50;01:51:30;01:51:30;;quantex_at_home_id271700_2023_06_19_01;yes;01;2023_06_19
quantex_at_home;266822;11.11.22;1;00:30:00;218,42;03:38:25;03:38:25;;quantex_at_home_id266822_2022_11_11_01;yes;01;2022_11_11
quantex_at_home;266822;12.11.22;1;00:30:00;218,42;03:38:25;03:38:25;;quantex_at_home_id266822_2022_11_12_01;yes;01;2022_11_12
quantex_at_home;266822;12.11.22;2;00:30:00;218,42;03:38:25;03:38:25;;quantex_at_home_id266822_2022_11_12_02;yes;02;2022_11_12
quantex_at_home;266822;13.11.22;1;00:18:04;218,42;03:38:25;03:38:25;;quantex_at_home_id266822_2022_11_13_01;yes;01;2022_11_13
quantex_at_home;266822;13.11.22;2;00:30:00;218,42;03:38:25;03:38:25;;quantex_at_home_id266822_2022_11_13_02;yes;02;2022_11_13
quantex_at_home;266822;13.11.22;3;00:22:32;218,42;03:38:25;03:38:25;;quantex_at_home_id266822_2022_11_13_03;yes;03;2022_11_13
quantex_at_home;266822;14.11.22;1;00:30:00;218,42;03:38:25;03:38:25;;quantex_at_home_id266822_2022_11_14_01;yes;01;2022_11_14
quantex_at_home;266822;14.11.22;2;00:09:16;218,42;03:38:25;03:38:25;;quantex_at_home_id266822_2022_11_14_02;yes;02;2022_11_14
quantex_at_home;266822;17.11.22;1;00:18:33;218,42;03:38:25;03:38:25;;quantex_at_home_id266822_2022_11_17_01;yes;01;2022_11_17
quantex_at_home;255944;07.03.22;1;00:09:39;114,93;01:54:56;01:54:56;;quantex_at_home_id255944_2022_03_07_01;yes;01;2022_03_07
quantex_at_home;255944;08.03.22;1;00:08:14;114,93;01:54:56;01:54:56;;quantex_at_home_id255944_2022_03_08_01;yes;01;2022_03_08
quantex_at_home;255944;10.03.22;1;00:19:42;114,93;01:54:56;01:54:56;;quantex_at_home_id255944_2022_03_10_01;yes;01;2022_03_10
quantex_at_home;255944;22.03.22;1;00:12:29;114,93;01:54:56;01:54:56;;quantex_at_home_id255944_2022_03_22_01;yes;01;2022_03_22
quantex_at_home;255944;25.03.22;1;00:30:00;114,93;01:54:56;01:54:56;;quantex_at_home_id255944_2022_03_25_01;yes;01;2022_03_25
quantex_at_home;255944;25.03.22;2;00:23:44;114,93;01:54:56;01:54:56;;quantex_at_home_id255944_2022_03_25_02;yes;02;2022_03_25
quantex_at_home;255944;26.03.22;1;00:11:08;114,93;01:54:56;01:54:56;;quantex_at_home_id255944_2022_03_26_01;yes;01;2022_03_26
quantex_at_home;256354;14.08.21;1;00:24:26;159,55;02:39:33;02:39:33;;quantex_at_home_id256354_2021_08_14_01;yes;01;2021_08_14
quantex_at_home;256354;14.08.21;2;00:30:00;159,55;02:39:33;02:39:33;;quantex_at_home_id256354_2021_08_14_02;yes;02;2021_08_14
quantex_at_home;256354;17.08.21;1;00:30:00;159,55;02:39:33;02:39:33;;quantex_at_home_id256354_2021_08_17_01;yes;01;2021_08_17
quantex_at_home;256354;17.08.21;2;00:30:00;159,55;02:39:33;02:39:33;;quantex_at_home_id256354_2021_08_17_02;yes;02;2021_08_17
quantex_at_home;256354;17.08.21;3;00:30:00;159,55;02:39:33;02:39:33;;quantex_at_home_id256354_2021_08_17_03;yes;03;2021_08_17
quantex_at_home;256354;17.08.21;4;00:15:07;159,55;02:39:33;02:39:33;;quantex_at_home_id256354_2021_08_17_04;yes;04;2021_08_17
quantex_at_home;257291;19.03.22;1;00:30:00;128,60;02:08:36;02:08:36;;quantex_at_home_id257291_2022_03_19_01;yes;01;2022_03_19
quantex_at_home;257291;19.03.22;2;00:30:00;128,60;02:08:36;02:08:36;;quantex_at_home_id257291_2022_03_19_02;yes;02;2022_03_19
quantex_at_home;257291;22.03.22;1;00:30:00;128,60;02:08:36;02:08:36;;quantex_at_home_id257291_2022_03_22_01;yes;01;2022_03_22
quantex_at_home;257291;22.03.22;2;00:30:00;128,60;02:08:36;02:08:36;;quantex_at_home_id257291_2022_03_22_02;yes;02;2022_03_22
quantex_at_home;257291;22.03.22;3;00:08:36;128,60;02:08:36;02:08:36;;quantex_at_home_id257291_2022_03_22_03;yes;03;2022_03_22
quantex_at_home;257609;08.11.22;1;00:30:00;174,17;02:54:10;02:54:10;;quantex_at_home_id257609_2022_11_08_01;yes;01;2022_11_08
quantex_at_home;257609;08.11.22;2;00:14:16;174,17;02:54:10;02:54:10;;quantex_at_home_id257609_2022_11_08_02;yes;02;2022_11_08
quantex_at_home;257609;08.11.22;3;00:22:46;174,17;02:54:10;02:54:10;;quantex_at_home_id257609_2022_11_08_03;yes;03;2022_11_08
quantex_at_home;257609;08.11.22;4;00:30:00;174,17;02:54:10;02:54:10;;quantex_at_home_id257609_2022_11_08_04;yes;04;2022_11_08
quantex_at_home;257609;08.11.22;5;00:30:00;174,17;02:54:10;02:54:10;;quantex_at_home_id257609_2022_11_08_05;yes;05;2022_11_08
quantex_at_home;257609;09.11.22;1;00:24:21;174,17;02:54:10;02:54:10;;quantex_at_home_id257609_2022_11_09_01;yes;01;2022_11_09
quantex_at_home;257609;09.11.22;2;00:22:47;174,17;02:54:10;02:54:10;;quantex_at_home_id257609_2022_11_09_02;yes;02;2022_11_09
quantex_at_home;258274;09.03.23;1;00:14:41;145,80;02:25:48;02:25:48;;quantex_at_home_id258274_2023_03_09_01;yes;01;2023_03_09
quantex_at_home;258274;10.03.23;1;00:30:00;145,80;02:25:48;02:25:48;;quantex_at_home_id258274_2023_03_10_01;yes;01;2023_03_10
quantex_at_home;258274;10.03.23;2;00:08:29;145,80;02:25:48;02:25:48;;quantex_at_home_id258274_2023_03_10_02;yes;02;2023_03_10
quantex_at_home;258274;20.03.23;1;00:30:00;145,80;02:25:48;02:25:48;;quantex_at_home_id258274_2023_03_20_01;yes;01;2023_03_20
quantex_at_home;258274;20.03.23;2;00:13:41;145,80;02:25:48;02:25:48;;quantex_at_home_id258274_2023_03_20_02;yes;02;2023_03_20
quantex_at_home;258274;21.03.23;1;00:30:00;145,80;02:25:48;02:25:48;;quantex_at_home_id258274_2023_03_21_01;yes;01;2023_03_21
quantex_at_home;258274;21.03.23;2;00:18:57;145,80;02:25:48;02:25:48;;quantex_at_home_id258274_2023_03_21_02;yes;02;2023_03_21
quantex_at_home;258309;09.03.23;1;00:05:36;185,97;03:05:58;03:05:58;;quantex_at_home_id258309_2023_03_09_01;yes;01;2023_03_09
quantex_at_home;258309;09.03.23;2;00:30:00;185,97;03:05:58;03:05:58;;quantex_at_home_id258309_2023_03_09_02;yes;02;2023_03_09
quantex_at_home;258309;09.03.23;3;00:09:36;185,97;03:05:58;03:05:58;;quantex_at_home_id258309_2023_03_09_03;yes;03;2023_03_09
quantex_at_home;258309;11.03.23;1;00:13:12;185,97;03:05:58;03:05:58;;quantex_at_home_id258309_2023_03_11_01;yes;01;2023_03_11
quantex_at_home;258309;11.03.23;2;00:30:00;185,97;03:05:58;03:05:58;;quantex_at_home_id258309_2023_03_11_02;yes;02;2023_03_11
quantex_at_home;258309;11.03.23;3;00:30:00;185,97;03:05:58;03:05:58;;quantex_at_home_id258309_2023_03_11_03;yes;03;2023_03_11
quantex_at_home;258309;11.03.24;4;00:30:00;185,97;03:05:58;03:05:58;;quantex_at_home_id258309_2024_03_11_04;yes;04;2024_03_11
quantex_at_home;258309;11.03.23;5;00:07:34;185,97;03:05:58;03:05:58;;quantex_at_home_id258309_2023_03_11_05;yes;05;2023_03_11
quantex_at_home;258309;12.03.23;1;00:30:00;185,97;03:05:58;03:05:58;;quantex_at_home_id258309_2023_03_12_01;yes;01;2023_03_12
quantex_at_home;258541;24.03.23;1;00:30:00;170,40;02:50:24;02:50:24;;quantex_at_home_id258541_2023_03_24_01;yes;01;2023_03_24
quantex_at_home;258541;24.03.23;2;00:25:26;170,40;02:50:24;02:50:24;;quantex_at_home_id258541_2023_03_24_02;yes;02;2023_03_24
quantex_at_home;258541;26.03.23;1;00:30:00;170,40;02:50:24;02:50:24;;quantex_at_home_id258541_2023_03_26_01;yes;01;2023_03_26
quantex_at_home;258541;26.03.23;2;00:30:00;170,40;02:50:24;02:50:24;;quantex_at_home_id258541_2023_03_26_02;yes;02;2023_03_26
quantex_at_home;258541;26.03.23;3;00:23:38;170,40;02:50:24;02:50:24;;quantex_at_home_id258541_2023_03_26_03;yes;03;2023_03_26
quantex_at_home;258541;28.03.23;1;00:22:37;170,40;02:50:24;02:50:24;;quantex_at_home_id258541_2023_03_28_01;yes;01;2023_03_28
quantex_at_home;258541;29.03.23;1;00:08:43;170,40;02:50:24;02:50:24;;quantex_at_home_id258541_2023_03_29_01;yes;01;2023_03_29
quantex_at_home;258827;04.04.23;1;00:30:00;151,92;02:31:55;02:31:55;;quantex_at_home_id258827_2023_04_04_01;yes;01;2023_04_04
quantex_at_home;258827;06.04.23;1;00:30:00;151,92;02:31:55;02:31:55;;quantex_at_home_id258827_2023_04_06_01;yes;01;2023_04_06
quantex_at_home;258827;06.04.23;2;00:30:00;151,92;02:31:55;02:31:55;;quantex_at_home_id258827_2023_04_06_02;yes;02;2023_04_06
quantex_at_home;258827;06.04.23;3;00:16:58;151,92;02:31:55;02:31:55;;quantex_at_home_id258827_2023_04_06_03;yes;03;2023_04_06
quantex_at_home;258827;11.04.23;1;00:30:00;151,92;02:31:55;02:31:55;;quantex_at_home_id258827_2023_04_11_01;yes;01;2023_04_11
quantex_at_home;258827;11.04.23;2;00:14:57;151,92;02:31:55;02:31:55;;quantex_at_home_id258827_2023_04_11_02;yes;02;2023_04_11
quantex_at_home;260120;04.09.23;1;00:30:00;133,50;02:13:30;02:13:30;;quantex_at_home_id260120_2023_09_04_01;yes;01;2023_09_04
quantex_at_home;260120;04.09.23;2;00:03:29;133,50;02:13:30;02:13:30;;quantex_at_home_id260120_2023_09_04_02;yes;02;2023_09_04
quantex_at_home;260120;06.09.23;1;00:30:00;133,50;02:13:30;02:13:30;;quantex_at_home_id260120_2023_09_06_01;yes;01;2023_09_06
quantex_at_home;260120;06.09.23;2;00:21:58;133,50;02:13:30;02:13:30;;quantex_at_home_id260120_2023_09_06_02;yes;02;2023_09_06
quantex_at_home;260120;18.09.23;1;00:30:00;133,50;02:13:30;02:13:30;;quantex_at_home_id260120_2023_09_18_01;yes;01;2023_09_18
quantex_at_home;260120;18.09.23;2;00:18:03;133,50;02:13:30;02:13:30;;quantex_at_home_id260120_2023_09_18_02;yes;02;2023_09_18
quantex_at_home;260123;31.08.23;1;00:12:23;112,65;01:52:39;01:52:39;;quantex_at_home_id260123_2023_08_31_01;yes;01;2023_08_31
quantex_at_home;260123;31.08.23;2;00:30:00;112,65;01:52:39;01:52:39;;quantex_at_home_id260123_2023_08_31_02;yes;02;2023_08_31
quantex_at_home;260123;04.09.23;1;00:10:16;112,65;01:52:39;01:52:39;;quantex_at_home_id260123_2023_09_04_01;yes;01;2023_09_04
quantex_at_home;260123;06.09.23;1;00:30:00;112,65;01:52:39;01:52:39;;quantex_at_home_id260123_2023_09_06_01;yes;01;2023_09_06
quantex_at_home;260123;06.09.23;2;00:30:00;112,65;01:52:39;01:52:39;;quantex_at_home_id260123_2023_09_06_02;yes;02;2023_09_06
quantex_at_home;260178;12.08.23;1;00:30:00;95,78;01:35:47;01:35:47;;quantex_at_home_id260178_2023_08_12_01;yes;01;2023_08_12
quantex_at_home;260178;12.08.23;2;00:30:00;95,78;01:35:47;01:35:47;;quantex_at_home_id260178_2023_08_12_02;yes;02;2023_08_12
quantex_at_home;260178;12.08.23;3;00:23:29;95,78;01:35:47;01:35:47;;quantex_at_home_id260178_2023_08_12_03;yes;03;2023_08_12
quantex_at_home;260178;13.08.23;1;00:12:18;95,78;01:35:47;01:35:47;;quantex_at_home_id260178_2023_08_13_01;yes;01;2023_08_13
quantex_at_home;261609;01.04.22;1;00:30:00;266,58;04:26:35;04:26:35;;quantex_at_home_id261609_2022_04_01_01;yes;01;2022_04_01
quantex_at_home;261609;01.04.22;2;00:30:00;266,58;04:26:35;04:26:35;;quantex_at_home_id261609_2022_04_01_02;yes;02;2022_04_01
quantex_at_home;261609;01.04.22;3;00:30:00;266,58;04:26:35;04:26:35;;quantex_at_home_id261609_2022_04_01_03;yes;03;2022_04_01
quantex_at_home;261609;01.04.22;4;00:30:00;266,58;04:26:35;04:26:35;;quantex_at_home_id261609_2022_04_01_04;yes;04;2022_04_01
quantex_at_home;261609;01.04.22;5;00:16:20;266,58;04:26:35;04:26:35;;quantex_at_home_id261609_2022_04_01_05;yes;05;2022_04_01
quantex_at_home;261609;01.04.22;6;00:30:00;266,58;04:26:35;04:26:35;;quantex_at_home_id261609_2022_04_01_06;yes;06;2022_04_01
quantex_at_home;261609;01.04.22;7;00:26:39;266,58;04:26:35;04:26:35;;quantex_at_home_id261609_2022_04_01_07;yes;07;2022_04_01
quantex_at_home;261609;01.04.22;8;00:30:00;266,58;04:26:35;04:26:35;;quantex_at_home_id261609_2022_04_01_08;yes;08;2022_04_01
quantex_at_home;261609;01.04.22;9;00:18:29;266,58;04:26:35;04:26:35;;quantex_at_home_id261609_2022_04_01_09;yes;09;2022_04_01
quantex_at_home;261609;15.04.22;1;00:10:04;266,58;04:26:35;04:26:35;;quantex_at_home_id261609_2022_04_15_01;yes;01;2022_04_15
quantex_at_home;261609;15.04.22;2;00:15:03;266,58;04:26:35;04:26:35;;quantex_at_home_id261609_2022_04_15_02;yes;02;2022_04_15
quantex_at_home;257147;31.10.21;1;00:30:00;136,17;02:16:10;02:16:10;Greyscale;quantex_at_home_id257147_2021_10_31_01;yes;01;2021_10_31
quantex_at_home;257147;31.10.21;2;00:08:48;136,17;02:16:10;02:16:10;Greyscale;quantex_at_home_id257147_2021_10_31_02;yes;02;2021_10_31
quantex_at_home;257147;31.10.21;3;00:30:00;136,17;02:16:10;02:16:10;Greyscale;quantex_at_home_id257147_2021_10_31_03;yes;03;2021_10_31
quantex_at_home;257147;31.10.21;4;00:10:53;136,17;02:16:10;02:16:10;Greyscale;quantex_at_home_id257147_2021_10_31_04;yes;04;2021_10_31
quantex_at_home;257147;31.10.21;5;00:30:00;136,17;02:16:10;02:16:10;Greyscale;quantex_at_home_id257147_2021_10_31_05;yes;05;2021_10_31
quantex_at_home;257147;31.10.21;6;00:12:40;136,17;02:16:10;02:16:10;Greyscale;quantex_at_home_id257147_2021_10_31_06;yes;06;2021_10_31
quantex_at_home;257147;01.11.21;1;00:13:49;136,17;02:16:10;02:16:10;Greyscale;quantex_at_home_id257147_2021_11_01_01;yes;01;2021_11_01
quantex_at_home;257492;05.12.21;1;00:30:00;121,65;02:01:39;02:01:39;Greyscale;quantex_at_home_id257492_2021_12_05_01;yes;01;2021_12_05
quantex_at_home;257492;05.12.21;2;00:30:00;121,65;02:01:39;02:01:39;Greyscale;quantex_at_home_id257492_2021_12_05_02;yes;02;2021_12_05
quantex_at_home;257492;05.12.21;3;00:22:47;121,65;02:01:39;02:01:39;Greyscale;quantex_at_home_id257492_2021_12_05_03;yes;03;2021_12_05
quantex_at_home;257492;09.12.21;1;00:30:00;121,65;02:01:39;02:01:39;Greyscale;quantex_at_home_id257492_2021_12_09_01;yes;01;2021_12_09
quantex_at_home;257492;09.12.21;2;00:08:52;121,65;02:01:39;02:01:39;Greyscale;quantex_at_home_id257492_2021_12_09_02;yes;02;2021_12_09
quantex_at_home;265514;02.09.24;1;00:04:08;365,70;06:05:42;06:05:42;;quantex_at_home_id265514_2024_09_02_01;yes;01;2024_09_02
quantex_at_home;265514;03.09.24;1;00:13:38;365,70;06:05:42;06:05:42;;quantex_at_home_id265514_2024_09_03_01;yes;01;2024_09_03
quantex_at_home;265514;03.09.24;2;00:30:00;365,70;06:05:42;06:05:42;;quantex_at_home_id265514_2024_09_03_02;yes;02;2024_09_03
quantex_at_home;265514;03.09.24;3;00:30:00;365,70;06:05:42;06:05:42;;quantex_at_home_id265514_2024_09_03_03;yes;03;2024_09_03
quantex_at_home;265514;03.09.24;4;00:30:00;365,70;06:05:42;06:05:42;;quantex_at_home_id265514_2024_09_03_04;yes;04;2024_09_03
quantex_at_home;265514;03.09.24;5;00:30:00;365,70;06:05:42;06:05:42;;quantex_at_home_id265514_2024_09_03_05;yes;05;2024_09_03
quantex_at_home;265514;03.09.24;6;00:30:00;365,70;06:05:42;06:05:42;;quantex_at_home_id265514_2024_09_03_06;yes;06;2024_09_03
quantex_at_home;265514;03.09.24;7;00:30:00;365,70;06:05:42;06:05:42;;quantex_at_home_id265514_2024_09_03_07;yes;07;2024_09_03
quantex_at_home;265514;03.09.24;8;00:26:28;365,70;06:05:42;06:05:42;;quantex_at_home_id265514_2024_09_03_08;yes;08;2024_09_03
quantex_at_home;265514;04.09.24;1;00:30:00;365,70;06:05:42;06:05:42;;quantex_at_home_id265514_2024_09_04_01;yes;01;2024_09_04
quantex_at_home;265514;04.09.24;2;00:30:00;365,70;06:05:42;06:05:42;;quantex_at_home_id265514_2024_09_04_02;yes;02;2024_09_04
quantex_at_home;265514;04.09.24;3;00:11:07;365,70;06:05:42;06:05:42;;quantex_at_home_id265514_2024_09_04_03;yes;03;2024_09_04
quantex_at_home;265514;06.09.24;1;00:30:00;365,70;06:05:42;06:05:42;;quantex_at_home_id265514_2024_09_06_01;yes;01;2024_09_06
quantex_at_home;265514;06.09.24;2;00:30:00;365,70;06:05:42;06:05:42;;quantex_at_home_id265514_2024_09_06_02;yes;02;2024_09_06
quantex_at_home;265514;06.09.24;3;00:08:51;365,70;06:05:42;06:05:42;;quantex_at_home_id265514_2024_09_06_03;yes;03;2024_09_06
quantex_at_home;265514;08.09.24;1;00:01:30;365,70;06:05:42;06:05:42;;quantex_at_home_id265514_2024_09_08_01;yes;01;2024_09_08
quantex_at_home;263652;05.09.24;1;00:21:25;135,32;02:15:19;02:15:19;;quantex_at_home_id263652_2024_09_05_01;yes;01;2024_09_05
quantex_at_home;263652;06.09.24;1;00:20:12;135,32;02:15:19;02:15:19;;quantex_at_home_id263652_2024_09_06_01;yes;01;2024_09_06
quantex_at_home;263652;06.09.24;2;00:30:00;135,32;02:15:19;02:15:19;;quantex_at_home_id263652_2024_09_06_02;yes;02;2024_09_06
quantex_at_home;263652;06.09.24;3;00:10:15;135,32;02:15:19;02:15:19;;quantex_at_home_id263652_2024_09_06_03;yes;03;2024_09_06
quantex_at_home;263652;08.09.24;1;00:20:05;135,32;02:15:19;02:15:19;;quantex_at_home_id263652_2024_09_08_01;yes;01;2024_09_08
quantex_at_home;263652;09.09.24;1;00:19:56;135,32;02:15:19;02:15:19;;quantex_at_home_id263652_2024_09_09_01;yes;01;2024_09_09
quantex_at_home;263652;10.09.24;1;00:13:26;135,32;02:15:19;02:15:19;;quantex_at_home_id263652_2024_09_10_01;yes;01;2024_09_10
quantex_at_home;271611;03.09.24;1;00:15:28;178,32;02:58:19;02:58:19;;quantex_at_home_id271611_2024_09_03_01;yes;01;2024_09_03
quantex_at_home;271611;04.09.24;1;00:18:06;178,32;02:58:19;02:58:19;;quantex_at_home_id271611_2024_09_04_01;yes;01;2024_09_04
quantex_at_home;271611;06.09.24;1;00:20:30;178,32;02:58:19;02:58:19;;quantex_at_home_id271611_2024_09_06_01;yes;01;2024_09_06
quantex_at_home;271611;08.09.24;1;00:30:00;178,32;02:58:19;02:58:19;;quantex_at_home_id271611_2024_09_08_01;yes;01;2024_09_08
quantex_at_home;271611;08.09.24;2;00:19:59;178,32;02:58:19;02:58:19;;quantex_at_home_id271611_2024_09_08_02;yes;02;2024_09_08
quantex_at_home;271611;08.09.24;3;00:30:00;178,32;02:58:19;02:58:19;;quantex_at_home_id271611_2024_09_08_03;yes;03;2024_09_08
quantex_at_home;271611;08.09.24;4;00:25:14;178,32;02:58:19;02:58:19;;quantex_at_home_id271611_2024_09_08_04;yes;04;2024_09_08
quantex_at_home;271611;12.09.24;1;00:19:02;178,32;02:58:19;02:58:19;;quantex_at_home_id271611_2024_09_12_01;yes;01;2024_09_12
quantex_at_home;266971;03.09.24;1;00:30:00;295,58;04:55:35;04:55:35;;quantex_at_home_id266971_2024_09_03_01;yes;01;2024_09_03
quantex_at_home;266971;03.09.24;2;00:13:53;295,58;04:55:35;04:55:35;;quantex_at_home_id266971_2024_09_03_02;yes;02;2024_09_03
quantex_at_home;266971;04.09.24;1;00:25:53;295,58;04:55:35;04:55:35;;quantex_at_home_id266971_2024_09_04_01;yes;01;2024_09_04
quantex_at_home;266971;06.09.24;1;00:23:55;295,58;04:55:35;04:55:35;;quantex_at_home_id266971_2024_09_06_01;yes;01;2024_09_06
quantex_at_home;266971;06.09.24;2;00:30:00;295,58;04:55:35;04:55:35;;quantex_at_home_id266971_2024_09_06_02;yes;02;2024_09_06
quantex_at_home;266971;06.09.24;3;00:30:00;295,58;04:55:35;04:55:35;;quantex_at_home_id266971_2024_09_06_03;yes;03;2024_09_06
quantex_at_home;266971;06.09.24;4;00:18:32;295,58;04:55:35;04:55:35;;quantex_at_home_id266971_2024_09_06_04;yes;04;2024_09_06
quantex_at_home;266971;08.09.24;1;00:30:00;295,58;04:55:35;04:55:35;;quantex_at_home_id266971_2024_09_08_01;yes;01;2024_09_08
quantex_at_home;266971;08.09.24;2;00:27:37;295,58;04:55:35;04:55:35;;quantex_at_home_id266971_2024_09_08_02;yes;02;2024_09_08
quantex_at_home;266971;12.09.24;1;00:30:00;295,58;04:55:35;04:55:35;;quantex_at_home_id266971_2024_09_12_01;yes;01;2024_09_12
quantex_at_home;266971;12.09.24;2;00:30:00;295,58;04:55:35;04:55:35;;quantex_at_home_id266971_2024_09_12_02;yes;02;2024_09_12
quantex_at_home;266971;12.09.24;3;00:05:45;295,58;04:55:35;04:55:35;;quantex_at_home_id266971_2024_09_12_03;yes;03;2024_09_12
quantex_at_home;266050;15.09.24;1;00:30:00;391,18;06:31:11;06:31:11;;quantex_at_home_id266050_2024_09_15_01;yes;01;2024_09_15
quantex_at_home;266050;15.09.24;2;00:08:44;391,18;06:31:11;06:31:11;;quantex_at_home_id266050_2024_09_15_02;yes;02;2024_09_15
quantex_at_home;266050;15.09.24;3;00:30:00;391,18;06:31:11;06:31:11;;quantex_at_home_id266050_2024_09_15_03;yes;03;2024_09_15
quantex_at_home;266050;15.09.24;4;00:30:00;391,18;06:31:11;06:31:11;;quantex_at_home_id266050_2024_09_15_04;yes;04;2024_09_15
quantex_at_home;266050;15.09.24;5;00:22:19;391,18;06:31:11;06:31:11;;quantex_at_home_id266050_2024_09_15_05;yes;05;2024_09_15
quantex_at_home;266050;17.09.24;1;00:20:26;391,18;06:31:11;06:31:11;;quantex_at_home_id266050_2024_09_17_01;yes;01;2024_09_17
quantex_at_home;266050;17.09.24;2;00:30:00;391,18;06:31:11;06:31:11;;quantex_at_home_id266050_2024_09_17_02;yes;02;2024_09_17
quantex_at_home;266050;17.09.24;3;00:05:52;391,18;06:31:11;06:31:11;;quantex_at_home_id266050_2024_09_17_03;yes;03;2024_09_17
quantex_at_home;266050;17.09.24;4;00:30:00;391,18;06:31:11;06:31:11;;quantex_at_home_id266050_2024_09_17_04;yes;04;2024_09_17
quantex_at_home;266050;17.09.24;5;00:04:58;391,18;06:31:11;06:31:11;;quantex_at_home_id266050_2024_09_17_05;yes;05;2024_09_17
quantex_at_home;266050;19.09.24;1;00:09:44;391,18;06:31:11;06:31:11;;quantex_at_home_id266050_2024_09_19_01;yes;01;2024_09_19
quantex_at_home;266050;19.09.24;2;00:30:00;391,18;06:31:11;06:31:11;;quantex_at_home_id266050_2024_09_19_02;yes;02;2024_09_19
quantex_at_home;266050;19.09.24;3;00:24:32;391,18;06:31:11;06:31:11;;quantex_at_home_id266050_2024_09_19_03;yes;03;2024_09_19
quantex_at_home;266050;22.09.24;1;00:19:37;391,18;06:31:11;06:31:11;;quantex_at_home_id266050_2024_09_22_01;yes;01;2024_09_22
quantex_at_home;266050;22.09.24;2; 00:27:45;391,18;06:31:11;06:31:11;;quantex_at_home_id266050_2024_09_22_02;yes;02;2024_09_22
quantex_at_home;266050;22.09.24;3;00:13:46;391,18;06:31:11;06:31:11;;quantex_at_home_id266050_2024_09_22_03;yes;03;2024_09_22
quantex_at_home;266050;22.09.24;4;00:30:00;391,18;06:31:11;06:31:11;;quantex_at_home_id266050_2024_09_22_04;yes;04;2024_09_22
quantex_at_home;266050;22.09.24;5;00:30:00;391,18;06:31:11;06:31:11;;quantex_at_home_id266050_2024_09_22_05;yes;05;2024_09_22
quantex_at_home;266050;22.09.24;6;00:21:13;391,18;06:31:11;06:31:11;;quantex_at_home_id266050_2024_09_22_06;yes;06;2024_09_22
quantex_at_home;266606;03.09.24;1;00:30:00;144,10;02:24:06;02:24:06;;quantex_at_home_id266606_2024_09_03_01;yes;01;2024_09_03
quantex_at_home;266606;03.09.24;2;00:24:21;144,10;02:24:06;02:24:06;;quantex_at_home_id266606_2024_09_03_02;yes;02;2024_09_03
quantex_at_home;266606;04.09.24;1;00:04:01;144,10;02:24:06;02:24:06;;quantex_at_home_id266606_2024_09_04_01;yes;01;2024_09_04
quantex_at_home;266606;10.09.24;1;00:30:00;144,10;02:24:06;02:24:06;;quantex_at_home_id266606_2024_09_10_01;yes;01;2024_09_10
quantex_at_home;266606;10.09.24;2;00:10:47;144,10;02:24:06;02:24:06;;quantex_at_home_id266606_2024_09_10_02;yes;02;2024_09_10
quantex_at_home;266606;12.09.24;1;00:13:18;144,10;02:24:06;02:24:06;;quantex_at_home_id266606_2024_09_12_01;yes;01;2024_09_12
quantex_at_home;266606;12.09.24;2;00:13:54;144,10;02:24:06;02:24:06;;quantex_at_home_id266606_2024_09_12_02;yes;02;2024_09_12
quantex_at_home;266606;15.09.24;1;00:17:45;144,10;02:24:06;02:24:06;;quantex_at_home_id266606_2024_09_15_01;yes;01;2024_09_15
quantex_at_home;264683;02.09.24;1;00:21:09;75,35;01:15:21;01:15:21;;quantex_at_home_id264683_2024_09_02_01;yes;01;2024_09_02
quantex_at_home;264683;03.09.24;1;00:26:29;75,35;01:15:21;01:15:21;;quantex_at_home_id264683_2024_09_03_01;yes;01;2024_09_03
quantex_at_home;264683;28.09.24;1;00:27:43;75,35;01:15:21;01:15:21;;quantex_at_home_id264683_2024_09_28_01;yes;01;2024_09_28
quantex_at_home;266063;14.09.24;1;00:19:56;107,73;01:47:44;01:47:44;;quantex_at_home_id266063_2024_09_14_01;yes;01;2024_09_14
quantex_at_home;266063;15.09.24;1;00:22:15;107,73;01:47:44;01:47:44;;quantex_at_home_id266063_2024_09_15_01;yes;01;2024_09_15
quantex_at_home;266063;19.09.24;1;00:30:00;107,73;01:47:44;01:47:44;;quantex_at_home_id266063_2024_09_19_01;yes;01;2024_09_19
quantex_at_home;266063;19.09.24;2;00:01:20;107,73;01:47:44;01:47:44;;quantex_at_home_id266063_2024_09_19_02;yes;02;2024_09_19
quantex_at_home;266063;22.09.24;1;00:20:11;107,73;01:47:44;01:47:44;;quantex_at_home_id266063_2024_09_22_01;yes;01;2024_09_22
quantex_at_home;266063;29.09.24;1;00:14:02;107,73;01:47:44;01:47:44;;quantex_at_home_id266063_2024_09_29_01;yes;01;2024_09_29
quantex_at_home;266151;14.09.24;1;00:30:00;44,03;00:44:02;00:44:02;;quantex_at_home_id266151_2024_09_14_01;yes;01;2024_09_14
quantex_at_home;266151;14.09.24;2;00:10:00;44,03;00:44:02;00:44:02;;quantex_at_home_id266151_2024_09_14_02;yes;02;2024_09_14
quantex_at_home;266151;21.09.24;1;00:04:02;44,03;00:44:02;00:44:02;;quantex_at_home_id266151_2024_09_21_01;yes;01;2024_09_21
quantex_at_home;272475;30.10.24;1;00:28:44;95,12;01:35:07;01:35:07;;quantex_at_home_id272475_2024_10_30_01;yes;01;2024_10_30
quantex_at_home;272475;02.11.24;1;00:29:04;95,12;01:35:07;01:35:07;;quantex_at_home_id272475_2024_11_02_01;yes;01;2024_11_02
quantex_at_home;272475;02.11.24;2;00:30:00;95,12;01:35:07;01:35:07;;quantex_at_home_id272475_2024_11_02_02;yes;02;2024_11_02
quantex_at_home;272475;02.11.24;3;00:07:19;95,12;01:35:07;01:35:07;;quantex_at_home_id272475_2024_11_02_03;yes;03;2024_11_02
quantex_at_home;264368;10.10.24;1;00:19:31;109,70;01:49:42;01:49:42;;quantex_at_home_id264368_2024_10_10_01;yes;01;2024_10_10
quantex_at_home;264368;12.10.24;1;00:27:02;109,70;01:49:42;01:49:42;;quantex_at_home_id264368_2024_10_12_01;yes;01;2024_10_12
quantex_at_home;264368;18.10.24;1;00:12:47;109,70;01:49:42;01:49:42;;quantex_at_home_id264368_2024_10_18_01;yes;01;2024_10_18
quantex_at_home;264368;24.10.24;1;00:25:02;109,70;01:49:42;01:49:42;;quantex_at_home_id264368_2024_10_24_01;yes;01;2024_10_24
quantex_at_home;264368;21.10.24;1;00:25:20;109,70;01:49:42;01:49:42;;quantex_at_home_id264368_2024_10_21_01;yes;01;2024_10_21
quantex_at_home;264351;23.11.24;1;00:30:00;132,33;02:12:20;02:12:20;;quantex_at_home_id264351_2024_11_23_01;yes;01;2024_11_23
quantex_at_home;264351;23.11.24;2;00:30:00;132,33;02:12:20;02:12:20;;quantex_at_home_id264351_2024_11_23_02;yes;02;2024_11_23
quantex_at_home;264351;23.11.24;3;00:30:00;132,33;02:12:20;02:12:20;;quantex_at_home_id264351_2024_11_23_03;yes;03;2024_11_23
quantex_at_home;264351;23.11.24;4;00:30:00;132,33;02:12:20;02:12:20;;quantex_at_home_id264351_2024_11_23_04;yes;04;2024_11_23
quantex_at_home;264351;23.11.24;5;00:12:20;132,33;02:12:20;02:12:20;;quantex_at_home_id264351_2024_11_23_05;yes;05;2024_11_23
quantex_at_home;275411;20.11.24;1;00:18:24;208,95;03:28:57;03:28:57;;quantex_at_home_id275411_2024_11_20_01;yes;01;2024_11_20
quantex_at_home;275411;22.11.24;1;00:30:00;208,95;03:28:57;03:28:57;;quantex_at_home_id275411_2024_11_22_01;yes;01;2024_11_22
quantex_at_home;275411;22.11.24;2;00:30:00;208,95;03:28:57;03:28:57;;quantex_at_home_id275411_2024_11_22_02;yes;02;2024_11_22
quantex_at_home;275411;22.11.24;3;00:18:08;208,95;03:28:57;03:28:57;;quantex_at_home_id275411_2024_11_22_03;yes;03;2024_11_22
quantex_at_home;275411;23.11.24;1;00:30:00;208,95;03:28:57;03:28:57;;quantex_at_home_id275411_2024_11_23_01;yes;01;2024_11_23
quantex_at_home;275411;23.11.24;2;00:30:00;208,95;03:28:57;03:28:57;;quantex_at_home_id275411_2024_11_23_02;yes;02;2024_11_23
quantex_at_home;275411;23.11.24;3;00:30:00;208,95;03:28:57;03:28:57;;quantex_at_home_id275411_2024_11_23_03;yes;03;2024_11_23
quantex_at_home;275411;23.11.24;4;00:22:25;208,95;03:28:57;03:28:57;;quantex_at_home_id275411_2024_11_23_04;yes;04;2024_11_23
quantex_at_home;262333;21.11.24;1;00:19:47;148,22;02:28:13;02:28:13;;quantex_at_home_id262333_2024_11_21_01;yes;01;2024_11_21
quantex_at_home;262333;01.12.24;1;00:30:00;148,22;02:28:13;02:28:13;;quantex_at_home_id262333_2024_12_01_01;yes;01;2024_12_01
quantex_at_home;262333;01.12.24;2;00:30:00;148,22;02:28:13;02:28:13;;quantex_at_home_id262333_2024_12_01_02;yes;02;2024_12_01
quantex_at_home;262333;01.12.24;3;00:30:00;148,22;02:28:13;02:28:13;;quantex_at_home_id262333_2024_12_01_03;yes;03;2024_12_01
quantex_at_home;262333;01.12.24;4;00:30:00;148,22;02:28:13;02:28:13;;quantex_at_home_id262333_2024_12_01_04;yes;04;2024_12_01
quantex_at_home;262333;01.12.24;5;00:08:26;148,22;02:28:13;02:28:13;;quantex_at_home_id262333_2024_12_01_05;yes;05;2024_12_01