video_id,frame_number,child_id,kchi_present,age,play_context
22,20,264356,0,3.68,social
22,850,264356,1,3.68,social
22,5530,264356,0,3.68,social
22,7870,264356,0,3.68,social
22,8280,264356,0,3.68,social
22,9480,264356,0,3.68,social
22,11580,264356,0,3.68,social
22,12550,264356,0,3.68,social
22,14760,264356,1,3.68,social
22,16310,264356,1,3.68,social
22,16460,264356,0,3.68,social
22,17130,264356,0,3.68,alone
22,17210,264356,1,3.68,social
22,17230,264356,0,3.68,alone
22,18060,264356,0,3.68,social
22,19240,264356,0,3.68,alone
22,22210,264356,1,3.68,alone
22,22940,264356,1,3.68,social
22,23080,264356,0,3.68,social
22,25950,264356,0,3.68,social
22,26000,264356,0,3.68,social
22,26890,264356,1,3.68,social
22,28990,264356,1,3.68,alone
22,29360,264356,0,3.68,alone
22,29870,264356,0,3.68,social
22,31140,264356,0,3.68,social
22,31500,264356,0,3.68,alone
45,160,262726,1,4.37,alone
45,820,262726,0,4.37,alone
45,1400,262726,0,4.37,alone
45,2010,262726,0,4.37,alone
45,2420,262726,0,4.37,social
45,2830,262726,1,4.37,social
45,5050,262726,1,4.37,social
45,6200,262726,0,4.37,social
45,7470,262726,0,4.37,social
45,7680,262726,0,4.37,social
45,8470,262726,0,4.37,social
45,10460,262726,0,4.37,alone
45,11160,262726,0,4.37,alone
45,11170,262726,0,4.37,alone
45,14380,262726,0,4.37,social
45,14590,262726,0,4.37,social
45,16100,262726,0,4.37,social
45,16460,262726,1,4.37,social
45,16950,262726,1,4.37,social
45,18250,262726,1,4.37,social
45,20530,262726,0,4.37,alone
45,20750,262726,1,4.37,social
45,21370,262726,0,4.37,alone
45,22520,262726,1,4.37,social
45,24510,262726,0,4.37,social
45,26100,262726,1,4.37,social
45,27070,262726,1,4.37,social
45,27130,262726,0,4.37,social
45,27840,262726,0,4.37,alone
45,28310,262726,0,4.37,alone
45,28920,262726,0,4.37,social
45,29750,262726,0,4.37,social
45,31710,262726,1,4.37,alone
45,33440,262726,0,4.37,alone
45,34980,262726,1,4.37,social
45,35090,262726,0,4.37,alone
45,35170,262726,0,4.37,social
45,35640,262726,0,4.37,social
45,36890,262726,1,4.37,social
45,37450,262726,0,4.37,social
45,37650,262726,0,4.37,social
45,37830,262726,0,4.37,social
45,41020,262726,1,4.37,social
45,41310,262726,0,4.37,social
45,42010,262726,0,4.37,social
45,42050,262726,0,4.37,social
45,42680,262726,1,4.37,alone
45,43500,262726,0,4.37,social
45,45340,262726,0,4.37,social
45,45540,262726,1,4.37,social
45,45950,262726,0,4.37,social
45,46090,262726,0,4.37,alone
45,46140,262726,0,4.37,social
45,46590,262726,0,4.37,social
45,46700,262726,0,4.37,social
45,48210,262726,1,4.37,social
45,48430,262726,0,4.37,social
45,49690,262726,0,4.37,social
45,50210,262726,1,4.37,social
45,51190,262726,0,4.37,alone
60,4460,257578,0,4.04,social
60,4790,257578,1,4.04,social
60,5480,257578,0,4.04,social
60,8980,257578,0,4.04,social
60,9040,257578,0,4.04,social
60,10670,257578,1,4.04,social
60,11050,257578,1,4.04,social
60,11470,257578,1,4.04,social
60,12850,257578,0,4.04,social
60,14940,257578,0,4.04,social
60,16710,257578,0,4.04,social
60,17420,257578,0,4.04,alone
60,20870,257578,0,4.04,alone
60,21260,257578,0,4.04,alone
60,22820,257578,0,4.04,alone
60,22930,257578,0,4.04,alone
60,25090,257578,0,4.04,alone
60,25650,257578,0,4.04,social
60,26990,257578,0,4.04,alone
60,27810,257578,0,4.04,alone
60,28220,257578,0,4.04,social
60,28390,257578,0,4.04,social
60,28800,257578,0,4.04,alone
60,29690,257578,0,4.04,social
60,30050,257578,0,4.04,alone
60,30250,257578,0,4.04,social
60,30960,257578,0,4.04,social
60,30980,257578,0,4.04,social
60,33010,257578,0,4.04,social
60,34040,257578,0,4.04,alone
60,35280,257578,0,4.04,alone
60,36770,257578,0,4.04,social
60,37340,257578,0,4.04,social
60,37350,257578,0,4.04,social
61,3480,264368,0,4.95,alone
61,3640,264368,0,4.95,social
61,4840,264368,0,4.95,alone
61,4930,264368,0,4.95,alone
61,6360,264368,0,4.95,social
61,7630,264368,0,4.95,social
61,7980,264368,0,4.95,social
61,8560,264368,0,4.95,social
61,9630,264368,0,4.95,social
61,10330,264368,0,4.95,social
61,11250,264368,0,4.95,alone
61,12510,264368,0,4.95,alone
61,13300,264368,0,4.95,alone
61,15090,264368,0,4.95,social
61,16090,264368,0,4.95,alone
61,18510,264368,0,4.95,alone
61,18740,264368,0,4.95,social
61,19570,264368,0,4.95,social
61,20500,264368,0,4.95,alone
61,20850,264368,0,4.95,social
61,21870,264368,0,4.95,social
61,22800,264368,0,4.95,alone
61,23960,264368,0,4.95,alone
61,27090,264368,0,4.95,alone
61,29620,264368,0,4.95,alone
61,30630,264368,0,4.95,alone
61,33230,264368,0,4.95,alone
61,33600,264368,0,4.95,alone
61,34200,264368,0,4.95,alone
61,38940,264368,0,4.95,social
61,40320,264368,0,4.95,alone
61,40610,264368,0,4.95,social
61,40730,264368,0,4.95,social
61,40870,264368,0,4.95,social
61,43320,264368,0,4.95,social
61,44770,264368,0,4.95,social
87,1960,254922,1,5.98,social
87,2330,254922,0,5.98,alone
87,2410,254922,0,5.98,alone
87,4710,254922,0,5.98,social
87,4960,254922,0,5.98,social
87,5820,254922,0,5.98,social
87,9520,254922,0,5.98,alone
87,9960,254922,0,5.98,alone
87,10490,254922,0,5.98,alone
87,11450,254922,0,5.98,alone
87,11570,254922,0,5.98,alone
87,13380,254922,0,5.98,alone
87,14310,254922,0,5.98,alone
87,17290,254922,0,5.98,alone
87,17670,254922,0,5.98,alone
87,18210,254922,1,5.98,alone
87,19330,254922,0,5.98,alone
87,19520,254922,0,5.98,alone
87,19760,254922,0,5.98,alone
87,20000,254922,0,5.98,social
87,22270,254922,0,5.98,alone
87,22330,254922,0,5.98,alone
87,23770,254922,0,5.98,alone
87,24700,254922,0,5.98,social
87,25550,254922,0,5.98,alone
87,25750,254922,0,5.98,alone
87,27030,254922,0,5.98,alone
87,27390,254922,0,5.98,alone
87,27510,254922,0,5.98,alone
87,27650,254922,0,5.98,social
87,28790,254922,0,5.98,alone
87,29310,254922,0,5.98,alone
87,30000,254922,0,5.98,alone
87,30070,254922,0,5.98,social
87,30170,254922,0,5.98,alone
87,30970,254922,0,5.98,social
87,33480,254922,0,5.98,social
87,39970,254922,0,5.98,social
87,40960,254922,0,5.98,social
87,41180,254922,0,5.98,social
87,43350,254922,0,5.98,alone
87,45460,254922,0,5.98,alone
87,47340,254922,0,5.98,alone
87,49930,254922,0,5.98,alone
87,50550,254922,0,5.98,alone
87,53590,254922,1,5.98,social
98,580,258541,0,5.86,social
98,1020,258541,0,5.86,alone
98,1080,258541,0,5.86,alone
98,1110,258541,0,5.86,alone
98,1400,258541,0,5.86,alone
98,2360,258541,0,5.86,alone
98,2770,258541,0,5.86,alone
98,2880,258541,0,5.86,alone
98,3370,258541,0,5.86,social
98,4080,258541,0,5.86,alone
98,4360,258541,0,5.86,alone
98,4570,258541,0,5.86,alone
98,10830,258541,1,5.86,alone
98,12420,258541,0,5.86,alone
98,13690,258541,0,5.86,alone
98,15160,258541,0,5.86,alone
98,16400,258541,0,5.86,alone
98,16440,258541,0,5.86,alone
98,17240,258541,0,5.86,alone
98,18240,258541,0,5.86,alone
98,18900,258541,0,5.86,alone
98,19930,258541,0,5.86,alone
98,19980,258541,0,5.86,alone
98,20360,258541,0,5.86,alone
98,21050,258541,0,5.86,alone
98,21160,258541,0,5.86,alone
98,21940,258541,0,5.86,alone
98,23100,258541,0,5.86,alone
98,23270,258541,0,5.86,alone
98,23550,258541,0,5.86,alone
98,23560,258541,0,5.86,alone
98,24140,258541,0,5.86,alone
98,25410,258541,0,5.86,social
98,25670,258541,0,5.86,alone
98,28480,258541,0,5.86,social
98,29140,258541,0,5.86,alone
98,29420,258541,0,5.86,social
98,29460,258541,0,5.86,social
98,29600,258541,0,5.86,social
98,30060,258541,0,5.86,alone
98,30200,258541,0,5.86,social
98,30260,258541,0,5.86,alone
98,30550,258541,0,5.86,social
98,30730,258541,0,5.86,alone
98,30940,258541,0,5.86,alone
98,31060,258541,1,5.86,alone
98,31500,258541,0,5.86,social
98,31740,258541,1,5.86,social
98,32920,258541,1,5.86,social
98,34150,258541,0,5.86,social
98,34340,258541,0,5.86,social
98,37570,258541,0,5.86,social
98,37970,258541,0,5.86,social
98,39290,258541,1,5.86,alone
98,39860,258541,0,5.86,alone
98,40720,258541,0,5.86,social
98,41460,258541,0,5.86,social
98,41740,258541,0,5.86,social
98,43770,258541,1,5.86,social
98,43850,258541,1,5.86,social
98,45660,258541,0,5.86,social
102,760,255695,0,5.06,social
102,1480,255695,0,5.06,social
102,1650,255695,0,5.06,alone
102,4390,255695,0,5.06,alone
102,7100,255695,0,5.06,social
102,7430,255695,0,5.06,social
102,8250,255695,1,5.06,social
102,8500,255695,0,5.06,social
102,9030,255695,0,5.06,social
102,9200,255695,1,5.06,social
102,9530,255695,0,5.06,social
102,10640,255695,0,5.06,alone
102,10850,255695,0,5.06,social
102,10900,255695,0,5.06,social
102,12260,255695,1,5.06,social
102,12310,255695,0,5.06,social
102,13370,255695,1,5.06,social
102,14150,255695,0,5.06,social
102,14680,255695,0,5.06,social
102,14940,255695,0,5.06,social
102,15020,255695,0,5.06,social
102,19190,255695,0,5.06,social
102,22190,255695,1,5.06,social
137,2860,255944,0,5.92,social
137,3080,255944,0,5.92,social
137,3180,255944,1,5.92,social
137,5120,255944,0,5.92,alone
137,6140,255944,0,5.92,social
137,6270,255944,0,5.92,alone
137,6990,255944,0,5.92,alone
137,7960,255944,0,5.92,alone
137,8460,255944,0,5.92,alone
137,8860,255944,0,5.92,alone
137,10480,255944,0,5.92,social
137,10880,255944,0,5.92,social
137,11420,255944,0,5.92,alone
137,11730,255944,0,5.92,alone
137,13080,255944,0,5.92,social
137,13100,255944,0,5.92,social
137,15010,255944,0,5.92,alone
137,17480,255944,1,5.92,social
137,18790,255944,1,5.92,social
137,18940,255944,1,5.92,social
137,19400,255944,1,5.92,social
137,19480,255944,1,5.92,social
137,19830,255944,1,5.92,alone
137,21350,255944,0,5.92,social
137,21740,255944,1,5.92,alone
137,22100,255944,0,5.92,social
137,22310,255944,0,5.92,social
137,22760,255944,1,5.92,social
137,24570,255944,0,5.92,alone
137,24590,255944,0,5.92,alone
137,24600,255944,0,5.92,alone
137,24750,255944,1,5.92,social
137,25740,255944,0,5.92,social
137,25860,255944,0,5.92,social
137,26950,255944,0,5.92,alone
137,27340,255944,0,5.92,social
137,27820,255944,0,5.92,social
137,31220,255944,0,5.92,social
137,31480,255944,0,5.92,social
137,31660,255944,0,5.92,social
137,31720,255944,1,5.92,social
137,31760,255944,1,5.92,social
137,32840,255944,0,5.92,social
137,33450,255944,0,5.92,social
137,34510,255944,0,5.92,social
137,35910,255944,0,5.92,social
137,38350,255944,0,5.92,social
137,41110,255944,0,5.92,social
137,43250,255944,0,5.92,social
137,43520,255944,0,5.92,social
137,44820,255944,0,5.92,social
137,45430,255944,1,5.92,social
137,45930,255944,0,5.92,social
137,46560,255944,0,5.92,social
137,46600,255944,0,5.92,social
137,46610,255944,0,5.92,social
137,46900,255944,0,5.92,social
137,47390,255944,0,5.92,social
137,47640,255944,0,5.92,social
137,48810,255944,0,5.92,social
137,48880,255944,0,5.92,social
137,49270,255944,0,5.92,alone
137,49500,255944,0,5.92,social
137,49560,255944,1,5.92,social
137,49750,255944,0,5.92,social
137,51840,255944,0,5.92,alone
137,52160,255944,0,5.92,social
137,53360,255944,1,5.92,social
154,2940,257147,0,4.53,social
154,4430,257147,0,4.53,social
154,4650,257147,0,4.53,social
154,4700,257147,0,4.53,social
154,5040,257147,1,4.53,social
154,5280,257147,0,4.53,social
154,6080,257147,0,4.53,social
154,7890,257147,1,4.53,social
154,8700,257147,0,4.53,social
154,9690,257147,0,4.53,social
154,9770,257147,1,4.53,social
154,10290,257147,0,4.53,social
154,11400,257147,0,4.53,social
154,11480,257147,1,4.53,social
154,11670,257147,1,4.53,social
154,12640,257147,0,4.53,social
154,12740,257147,0,4.53,social
154,12920,257147,0,4.53,social
154,13420,257147,0,4.53,social
154,13810,257147,0,4.53,social
154,14510,257147,0,4.53,social
154,14860,257147,1,4.53,social
154,15310,257147,1,4.53,social
154,15600,257147,0,4.53,social
154,17070,257147,0,4.53,social
154,18600,257147,1,4.53,social
154,18710,257147,0,4.53,social
154,19280,257147,0,4.53,social
154,19450,257147,0,4.53,social
154,19610,257147,1,4.53,social
154,19660,257147,0,4.53,social
154,19820,257147,1,4.53,social
170,240,257578,0,4.04,social
170,440,257578,0,4.04,social
170,3290,257578,0,4.04,social
170,3600,257578,0,4.04,social
170,3620,257578,1,4.04,social
170,4020,257578,0,4.04,social
170,5030,257578,0,4.04,alone
170,5090,257578,0,4.04,alone
170,5500,257578,0,4.04,social
170,5980,257578,0,4.04,social
170,6040,257578,0,4.04,social
170,8950,257578,0,4.04,social
170,9000,257578,0,4.04,social
170,9860,257578,0,4.04,social
170,10080,257578,0,4.04,alone
170,11700,257578,1,4.04,alone
170,11900,257578,0,4.04,social
170,12010,257578,0,4.04,social
170,12670,257578,0,4.04,social
170,12860,257578,0,4.04,social
170,13040,257578,0,4.04,social
170,13510,257578,0,4.04,social
170,13530,257578,0,4.04,social
180,90,257608,1,4.67,social
180,650,257608,0,4.67,social
180,720,257608,0,4.67,social
180,1020,257608,0,4.67,social
180,1080,257608,0,4.67,social
180,1860,257608,0,4.67,social
180,2540,257608,0,4.67,social
180,2850,257608,0,4.67,social
180,4950,257608,1,4.67,social
180,5510,257608,0,4.67,social
180,6170,257608,0,4.67,social
180,7320,257608,0,4.67,social
180,7350,257608,0,4.67,social
180,8600,257608,1,4.67,social
180,8640,257608,0,4.67,social
180,9140,257608,1,4.67,social
180,9350,257608,0,4.67,social
180,11650,257608,0,4.67,social
180,11730,257608,0,4.67,social
184,2370,257608,0,4.67,alone
184,2510,257608,0,4.67,alone
184,4490,257608,0,4.67,alone
184,5020,257608,1,4.67,social
184,5120,257608,0,4.67,alone
184,6210,257608,0,4.67,alone
184,6720,257608,0,4.67,alone
184,6730,257608,0,4.67,alone
184,7370,257608,0,4.67,alone
184,8330,257608,0,4.67,alone
184,8360,257608,0,4.67,alone
184,9050,257608,0,4.67,social
184,9820,257608,0,4.67,alone
184,9900,257608,0,4.67,alone
184,10020,257608,0,4.67,alone
184,10050,257608,0,4.67,alone
184,10150,257608,0,4.67,alone
184,11530,257608,0,4.67,alone
184,11900,257608,0,4.67,alone
184,12250,257608,1,4.67,alone
184,12800,257608,0,4.67,alone
184,13710,257608,0,4.67,alone
184,14190,257608,0,4.67,alone
184,15050,257608,0,4.67,alone
184,15540,257608,0,4.67,social
184,15700,257608,0,4.67,alone
184,16620,257608,0,4.67,social
184,17000,257608,1,4.67,alone
184,17390,257608,0,4.67,alone
184,17430,257608,0,4.67,alone
184,17980,257608,0,4.67,alone
184,18950,257608,0,4.67,alone
184,18980,257608,0,4.67,alone
184,19850,257608,0,4.67,alone
184,20400,257608,0,4.67,alone
184,20570,257608,0,4.67,social
184,21080,257608,0,4.67,alone
184,21280,257608,0,4.67,social
184,22130,257608,0,4.67,alone
184,22960,257608,0,4.67,alone
184,23190,257608,1,4.67,alone
184,23220,257608,1,4.67,social
184,24340,257608,0,4.67,alone
184,24610,257608,0,4.67,alone
184,25010,257608,1,4.67,alone
184,25280,257608,0,4.67,alone
184,26340,257608,0,4.67,alone
184,26970,257608,1,4.67,alone
184,27190,257608,0,4.67,alone
184,27610,257608,1,4.67,social
184,28000,257608,0,4.67,alone
184,28490,257608,0,4.67,alone
184,29110,257608,1,4.67,alone
184,29260,257608,1,4.67,alone
184,29400,257608,1,4.67,social
184,30300,257608,0,4.67,alone
184,31970,257608,0,4.67,alone
184,31980,257608,0,4.67,social
184,32430,257608,1,4.67,alone
184,33120,257608,1,4.67,alone
184,33880,257608,1,4.67,alone
184,34700,257608,1,4.67,social
184,36810,257608,1,4.67,alone
184,37100,257608,1,4.67,social
184,37350,257608,1,4.67,social
184,37450,257608,1,4.67,alone
184,38120,257608,0,4.67,social
184,38190,257608,1,4.67,alone
184,38240,257608,1,4.67,alone
184,38600,257608,1,4.67,alone
184,38700,257608,1,4.67,alone
184,39090,257608,0,4.67,alone
184,39100,257608,0,4.67,alone
184,39770,257608,1,4.67,social
184,40540,257608,0,4.67,alone
184,40800,257608,1,4.67,alone
184,40810,257608,0,4.67,alone
184,40900,257608,0,4.67,alone
184,42930,257608,0,4.67,alone
184,43030,257608,0,4.67,social
184,43070,257608,0,4.67,social
184,43250,257608,0,4.67,alone
184,43710,257608,0,4.67,social
184,43780,257608,0,4.67,social
184,44520,257608,0,4.67,alone
184,45130,257608,0,4.67,social
184,45900,257608,0,4.67,alone
184,46100,257608,0,4.67,alone
184,46450,257608,1,4.67,social
184,46530,257608,1,4.67,social
184,46570,257608,0,4.67,social
184,47560,257608,0,4.67,social
184,48480,257608,0,4.67,alone
184,50170,257608,0,4.67,alone
184,50760,257608,0,4.67,social
184,51570,257608,0,4.67,alone
184,51710,257608,0,4.67,alone
184,52110,257608,0,4.67,alone
184,52660,257608,0,4.67,alone
205,2010,258239,0,3.47,alone
205,3680,258239,1,3.47,alone
205,6290,258239,0,3.47,social
205,6370,258239,0,3.47,social
205,6840,258239,1,3.47,alone
205,8350,258239,0,3.47,alone
205,10080,258239,0,3.47,social
205,11660,258239,1,3.47,alone
205,11860,258239,1,3.47,alone
205,12880,258239,0,3.47,social
205,13770,258239,0,3.47,social
205,16490,258239,1,3.47,social
205,19980,258239,0,3.47,alone
205,21110,258239,1,3.47,social
205,21320,258239,0,3.47,social
205,21890,258239,0,3.47,social
205,22880,258239,1,3.47,social
205,22890,258239,1,3.47,social
205,25370,258239,1,3.47,alone
205,25510,258239,1,3.47,social
205,28270,258239,0,3.47,alone
205,29550,258239,0,3.47,alone
205,30110,258239,1,3.47,social
205,31530,258239,1,3.47,social
205,32910,258239,1,3.47,social
205,34340,258239,0,3.47,social
205,36700,258239,1,3.47,social
205,37950,258239,1,3.47,social
205,38930,258239,0,3.47,alone
205,41480,258239,1,3.47,alone
205,42250,258239,1,3.47,social
205,42310,258239,1,3.47,social
205,43130,258239,0,3.47,social
205,45170,258239,0,3.47,social
205,45240,258239,0,3.47,social
205,45480,258239,0,3.47,social
205,45720,258239,1,3.47,social
205,48440,258239,0,3.47,alone
205,49110,258239,0,3.47,alone
205,51910,258239,0,3.47,alone
222,210,258541,0,5.86,social
222,420,258541,0,5.86,social
222,1970,258541,0,5.86,social
222,2260,258541,0,5.86,alone
222,2280,258541,0,5.86,alone
222,5120,258541,0,5.86,social
222,5570,258541,0,5.86,alone
222,7010,258541,0,5.86,social
222,7480,258541,0,5.86,alone
222,9180,258541,0,5.86,social
222,9870,258541,0,5.86,social
222,10020,258541,0,5.86,social
222,10130,258541,0,5.86,alone
222,10780,258541,0,5.86,social
222,11040,258541,0,5.86,alone
222,11230,258541,1,5.86,alone
222,11320,258541,1,5.86,alone
222,11460,258541,0,5.86,social
222,11880,258541,1,5.86,social
222,12530,258541,0,5.86,alone
222,12590,258541,0,5.86,social
222,12860,258541,0,5.86,social
222,13910,258541,1,5.86,social
222,13920,258541,1,5.86,social
222,14430,258541,0,5.86,social
222,15290,258541,0,5.86,social
222,15690,258541,1,5.86,social
222,15860,258541,0,5.86,social
222,16010,258541,0,5.86,social
222,16600,258541,1,5.86,social
222,16920,258541,1,5.86,social
222,18190,258541,1,5.86,social
222,18660,258541,1,5.86,social
222,18720,258541,0,5.86,social
222,18750,258541,0,5.86,social
222,19700,258541,0,5.86,alone
222,19890,258541,0,5.86,social
222,20850,258541,0,5.86,alone
222,20970,258541,0,5.86,alone
222,21560,258541,1,5.86,social
222,22280,258541,0,5.86,social
222,22690,258541,1,5.86,alone
222,23150,258541,0,5.86,social
222,23650,258541,1,5.86,social
222,23700,258541,1,5.86,social
222,24180,258541,0,5.86,social
222,24620,258541,1,5.86,alone
222,24970,258541,0,5.86,social
222,25210,258541,1,5.86,alone
222,25920,258541,0,5.86,social
222,26610,258541,0,5.86,social
222,27540,258541,0,5.86,social
222,29080,258541,0,5.86,alone
222,29530,258541,0,5.86,social
222,30480,258541,0,5.86,social
222,31530,258541,0,5.86,social
222,32650,258541,0,5.86,social
222,33090,258541,0,5.86,social
222,33410,258541,0,5.86,social
222,33640,258541,0,5.86,social
222,33670,258541,0,5.86,social
222,33920,258541,1,5.86,social
222,35020,258541,0,5.86,alone
222,35240,258541,0,5.86,social
222,35590,258541,1,5.86,alone
222,37410,258541,0,5.86,social
222,38250,258541,0,5.86,social
222,39530,258541,0,5.86,alone
222,39740,258541,0,5.86,alone
222,40960,258541,0,5.86,alone
222,41090,258541,0,5.86,social
222,41160,258541,0,5.86,social
222,42330,258541,0,5.86,alone
222,47690,258541,0,5.86,alone
222,49610,258541,0,5.86,social
222,50290,258541,0,5.86,social
222,50350,258541,0,5.86,social
222,52710,258541,0,5.86,alone
222,53340,258541,0,5.86,alone
222,53690,258541,0,5.86,alone
222,53870,258541,0,5.86,alone
226,840,258541,0,5.87,social
226,1420,258541,0,5.87,alone
226,1970,258541,0,5.87,alone
226,3160,258541,0,5.87,alone
226,5030,258541,0,5.87,social
226,5510,258541,0,5.87,alone
226,6670,258541,0,5.87,alone
226,6810,258541,0,5.87,alone
226,7020,258541,0,5.87,social
226,7200,258541,0,5.87,social
226,10770,258541,0,5.87,alone
226,11630,258541,0,5.87,alone
226,11840,258541,0,5.87,alone
226,12410,258541,0,5.87,alone
226,12770,258541,0,5.87,alone
226,12790,258541,0,5.87,alone
226,13440,258541,0,5.87,alone
226,14190,258541,0,5.87,alone
226,14420,258541,0,5.87,alone
226,14430,258541,0,5.87,alone
226,15060,258541,0,5.87,alone
230,190,258704,0,4.8,alone
230,2780,258704,0,4.8,social
230,2840,258704,0,4.8,social
230,3180,258704,0,4.8,social
230,3220,258704,0,4.8,social
230,4010,258704,0,4.8,social
230,5580,258704,0,4.8,social
230,5590,258704,0,4.8,social
230,5660,258704,1,4.8,social
230,6100,258704,0,4.8,social
230,6310,258704,0,4.8,social
230,6430,258704,0,4.8,social
230,6890,258704,0,4.8,social
230,8210,258704,0,4.8,social
230,8570,258704,0,4.8,social
230,8950,258704,1,4.8,social
230,10260,258704,0,4.8,alone
230,11250,258704,0,4.8,social
230,11620,258704,0,4.8,social
230,12290,258704,0,4.8,social
230,12960,258704,0,4.8,social
230,13110,258704,0,4.8,social
230,13300,258704,0,4.8,social
230,14650,258704,0,4.8,alone
230,14930,258704,0,4.8,alone
230,15120,258704,0,4.8,social
234,10,258704,0,4.82,social
234,3660,258704,0,4.82,alone
234,3680,258704,0,4.82,alone
234,3790,258704,0,4.82,alone
234,6480,258704,0,4.82,alone
234,9260,258704,0,4.82,alone
234,11980,258704,0,4.82,alone
234,12350,258704,0,4.82,alone
234,12680,258704,0,4.82,alone
234,13080,258704,0,4.82,alone
234,13830,258704,0,4.82,alone
234,14490,258704,0,4.82,alone
234,14640,258704,0,4.82,alone
234,15140,258704,0,4.82,alone
234,15500,258704,0,4.82,alone
234,15560,258704,0,4.82,alone
234,16290,258704,0,4.82,alone
234,16380,258704,0,4.82,alone
234,16490,258704,0,4.82,alone
234,16610,258704,0,4.82,alone
234,17550,258704,0,4.82,alone
234,17990,258704,0,4.82,alone
234,18090,258704,0,4.82,alone
234,19020,258704,0,4.82,alone
234,19140,258704,0,4.82,alone
234,19890,258704,0,4.82,alone
234,20240,258704,0,4.82,alone
234,20520,258704,0,4.82,alone
234,20750,258704,0,4.82,alone
234,21290,258704,0,4.82,alone
234,22110,258704,0,4.82,alone
234,23540,258704,0,4.82,alone
234,24740,258704,0,4.82,alone
234,25660,258704,0,4.82,alone
234,25800,258704,0,4.82,alone
234,26080,258704,0,4.82,alone
234,26170,258704,0,4.82,alone
234,26540,258704,0,4.82,alone
234,27820,258704,0,4.82,alone
234,27830,258704,0,4.82,alone
234,28190,258704,0,4.82,alone
234,30500,258704,0,4.82,alone
234,31710,258704,0,4.82,alone
234,33070,258704,0,4.82,social
234,33560,258704,0,4.82,alone
234,34880,258704,0,4.82,alone
234,35110,258704,0,4.82,alone
234,35800,258704,0,4.82,alone
234,36180,258704,0,4.82,alone
234,36740,258704,0,4.82,alone
234,37420,258704,0,4.82,alone
234,38240,258704,0,4.82,alone
234,38250,258704,0,4.82,alone
234,38600,258704,0,4.82,alone
234,40020,258704,0,4.82,alone
234,40580,258704,0,4.82,alone
234,40600,258704,0,4.82,alone
234,40740,258704,0,4.82,alone
234,40980,258704,0,4.82,alone
234,41590,258704,0,4.82,alone
234,41700,258704,0,4.82,alone
234,41790,258704,0,4.82,alone
234,41850,258704,0,4.82,alone
234,42280,258704,0,4.82,alone
234,42650,258704,0,4.82,alone
234,42730,258704,0,4.82,alone
234,43890,258704,0,4.82,alone
234,44690,258704,0,4.82,alone
234,45690,258704,0,4.82,alone
234,46740,258704,0,4.82,alone
234,46950,258704,0,4.82,alone
234,47280,258704,0,4.82,alone
234,48270,258704,0,4.82,alone
234,48830,258704,0,4.82,alone
234,48880,258704,0,4.82,alone
234,49090,258704,0,4.82,alone
234,49930,258704,0,4.82,alone
234,50120,258704,0,4.82,alone
234,50520,258704,0,4.82,alone
234,50730,258704,0,4.82,alone
234,52270,258704,0,4.82,social
234,52390,258704,0,4.82,alone
234,53010,258704,0,4.82,alone
234,53660,258704,0,4.82,alone
234,53940,258704,0,4.82,alone
241,430,258827,0,5.79,social
241,1240,258827,0,5.79,social
241,1330,258827,0,5.79,alone
241,1970,258827,0,5.79,social
241,2050,258827,0,5.79,alone
241,2320,258827,0,5.79,alone
241,2530,258827,0,5.79,social
241,2940,258827,0,5.79,alone
241,3060,258827,0,5.79,alone
241,5280,258827,1,5.79,social
241,5830,258827,0,5.79,alone
241,6070,258827,0,5.79,alone
241,6160,258827,0,5.79,alone
241,6410,258827,0,5.79,alone
241,6840,258827,0,5.79,alone
241,7030,258827,0,5.79,alone
241,7720,258827,0,5.79,alone
241,7890,258827,0,5.79,alone
241,8590,258827,0,5.79,alone
241,9150,258827,0,5.79,alone
241,9340,258827,0,5.79,alone
241,10630,258827,0,5.79,alone
241,10650,258827,0,5.79,alone
241,10750,258827,0,5.79,social
241,11420,258827,0,5.79,alone
241,11980,258827,0,5.79,alone
241,12140,258827,0,5.79,alone
241,12630,258827,0,5.79,social
241,12790,258827,1,5.79,social
241,13210,258827,0,5.79,alone
241,13850,258827,0,5.79,alone
241,17310,258827,0,5.79,alone
241,17490,258827,0,5.79,alone
241,18710,258827,0,5.79,social
241,19860,258827,0,5.79,social
241,22590,258827,0,5.79,alone
241,23910,258827,0,5.79,social
241,24450,258827,0,5.79,social
241,25060,258827,0,5.79,alone
241,27200,258827,0,5.79,social
241,27300,258827,0,5.79,alone
241,27460,258827,1,5.79,alone
241,27550,258827,1,5.79,alone
241,27620,258827,0,5.79,alone
241,27760,258827,0,5.79,alone
241,28100,258827,0,5.79,alone
241,28800,258827,0,5.79,alone
241,28820,258827,0,5.79,alone
241,29670,258827,1,5.79,alone
241,29870,258827,1,5.79,alone
241,30500,258827,1,5.79,alone
241,30650,258827,0,5.79,alone
241,32040,258827,0,5.79,alone
241,32680,258827,0,5.79,social
241,33710,258827,0,5.79,alone
241,34490,258827,1,5.79,alone
241,35520,258827,0,5.79,social
241,36160,258827,0,5.79,alone
241,36270,258827,1,5.79,alone
241,37740,258827,0,5.79,alone
241,39910,258827,1,5.79,alone
241,40500,258827,1,5.79,social
241,40960,258827,0,5.79,social
241,42460,258827,0,5.79,alone
241,42720,258827,1,5.79,social
241,44450,258827,0,5.79,alone
241,45960,258827,1,5.79,alone
241,46050,258827,0,5.79,social
241,46220,258827,0,5.79,alone
241,46260,258827,1,5.79,alone
241,46590,258827,1,5.79,alone
241,48620,258827,0,5.79,alone
241,48930,258827,0,5.79,social
241,50540,258827,0,5.79,alone
241,50880,258827,0,5.79,social
241,52950,258827,0,5.79,alone
241,53120,258827,0,5.79,social
241,53150,258827,0,5.79,social
241,53450,258827,0,5.79,alone
241,53600,258827,0,5.79,alone
256,740,260176,0,4.78,social
256,1610,260176,0,4.78,social
256,1680,260176,1,4.78,social
256,1990,260176,0,4.78,social
256,2300,260176,0,4.78,social
256,3990,260176,0,4.78,alone
256,4530,260176,0,4.78,alone
256,6360,260176,0,4.78,social
256,6530,260176,0,4.78,social
256,7580,260176,0,4.78,social
256,10620,260176,1,4.78,social
256,11260,260176,1,4.78,social
256,11480,260176,1,4.78,social
256,12110,260176,0,4.78,social
256,12120,260176,1,4.78,social
256,14630,260176,1,4.78,social
256,15450,260176,0,4.78,social
256,15540,260176,1,4.78,social
256,17170,260176,1,4.78,social
256,17930,260176,0,4.78,social
256,18130,260176,0,4.78,social
256,18190,260176,0,4.78,social
256,19140,260176,1,4.78,social
256,19700,260176,1,4.78,social
256,20520,260176,0,4.78,alone
256,20540,260176,0,4.78,alone
256,20560,260176,0,4.78,alone
256,20610,260176,0,4.78,alone
256,20770,260176,1,4.78,alone
256,22410,260176,1,4.78,social
256,22450,260176,0,4.78,social
256,22810,260176,1,4.78,social
256,23820,260176,0,4.78,social
256,23930,260176,0,4.78,social
256,24110,260176,0,4.78,social
256,24270,260176,0,4.78,social
256,25630,260176,0,4.78,social
256,25860,260176,0,4.78,social
256,27110,260176,0,4.78,social
256,27470,260176,0,4.78,social
256,28910,260176,0,4.78,social
256,30060,260176,0,4.78,alone
256,30710,260176,1,4.78,alone
256,31660,260176,0,4.78,alone
256,31710,260176,0,4.78,social
256,31850,260176,0,4.78,social
256,32070,260176,1,4.78,social
256,32170,260176,1,4.78,social
256,32480,260176,1,4.78,social
256,34360,260176,0,4.78,social
256,34520,260176,0,4.78,social
256,34600,260176,0,4.78,social
256,36720,260176,0,4.78,social
256,38810,260176,1,4.78,social
256,39420,260176,0,4.78,social
256,40030,260176,0,4.78,social
256,40940,260176,0,4.78,social
256,41970,260176,0,4.78,alone
256,42590,260176,1,4.78,social
256,42940,260176,0,4.78,social
256,44890,260176,0,4.78,alone
256,45210,260176,0,4.78,alone
256,45440,260176,1,4.78,social
256,45620,260176,1,4.78,alone
256,45690,260176,1,4.78,alone
256,46220,260176,1,4.78,alone
256,46300,260176,0,4.78,social
256,46330,260176,0,4.78,social
256,46570,260176,1,4.78,social
256,48250,260176,1,4.78,alone
256,48300,260176,0,4.78,alone
256,48650,260176,0,4.78,alone
256,48670,260176,0,4.78,alone
256,49390,260176,0,4.78,social
256,50440,260176,1,4.78,alone
256,51860,260176,1,4.78,alone
256,52010,260176,0,4.78,social
262,590,260176,1,4.8,alone
262,740,260176,0,4.8,alone
262,1270,260176,1,4.8,social
262,1680,260176,1,4.8,alone
262,2340,260176,1,4.8,social
262,2400,260176,0,4.8,alone
262,3340,260176,1,4.8,social
262,4130,260176,0,4.8,social
262,5100,260176,0,4.8,alone
262,5280,260176,0,4.8,alone
262,5340,260176,0,4.8,alone
262,6480,260176,1,4.8,alone
262,6590,260176,0,4.8,social
262,6880,260176,0,4.8,alone
262,6960,260176,0,4.8,social
262,7140,260176,0,4.8,alone
262,7460,260176,0,4.8,social
262,7880,260176,1,4.8,alone
262,7890,260176,1,4.8,alone
262,7900,260176,1,4.8,alone
262,8430,260176,0,4.8,alone
262,9000,260176,1,4.8,alone
262,9060,260176,1,4.8,alone
262,9120,260176,1,4.8,alone
262,9780,260176,0,4.8,social
262,10910,260176,0,4.8,social
262,11440,260176,0,4.8,social
262,11500,260176,0,4.8,alone
262,11570,260176,0,4.8,social
262,11940,260176,0,4.8,alone
262,12840,260176,0,4.8,alone
262,14930,260176,0,4.8,social
262,17190,260176,0,4.8,alone
262,17260,260176,0,4.8,alone
262,17700,260176,1,4.8,alone
262,24530,260176,0,4.8,alone
262,28500,260176,0,4.8,alone
262,29130,260176,0,4.8,alone
262,29470,260176,0,4.8,social
262,30860,260176,0,4.8,alone
262,31320,260176,1,4.8,alone
262,31620,260176,0,4.8,alone
262,32110,260176,0,4.8,alone
262,33620,260176,0,4.8,alone
262,33720,260176,0,4.8,alone
262,34440,260176,1,4.8,alone
262,34540,260176,0,4.8,alone
262,34670,260176,1,4.8,alone
262,35120,260176,0,4.8,social
262,35640,260176,1,4.8,social
262,37160,260176,1,4.8,alone
262,39030,260176,1,4.8,alone
262,40240,260176,0,4.8,alone
267,230,260275,1,3.86,social
267,590,260275,0,3.86,social
267,850,260275,0,3.86,social
267,1500,260275,0,3.86,social
267,2240,260275,0,3.86,social
267,3190,260275,0,3.86,social
267,4130,260275,0,3.86,social
267,4140,260275,0,3.86,social
267,4590,260275,0,3.86,social
267,5050,260275,0,3.86,social
267,5540,260275,1,3.86,social
267,6830,260275,0,3.86,social
267,6870,260275,0,3.86,social
267,6920,260275,0,3.86,social
267,7440,260275,0,3.86,social
267,7970,260275,1,3.86,social
267,9590,260275,0,3.86,social
267,10010,260275,0,3.86,social
267,11710,260275,0,3.86,social
267,11790,260275,0,3.86,social
267,12580,260275,0,3.86,social
267,13170,260275,1,3.86,social
267,13250,260275,0,3.86,social
267,14000,260275,0,3.86,alone
267,14190,260275,0,3.86,social
267,14750,260275,1,3.86,social
267,14770,260275,0,3.86,social
267,14920,260275,1,3.86,social
267,15260,260275,0,3.86,social
267,15550,260275,0,3.86,social
267,16100,260275,0,3.86,social
267,16970,260275,0,3.86,social
267,17050,260275,0,3.86,social
278,200,260539,0,3.88,social
278,290,260539,0,3.88,social
278,810,260539,0,3.88,social
278,1270,260539,0,3.88,social
278,3390,260539,0,3.88,social
278,3660,260539,0,3.88,social
278,3700,260539,0,3.88,social
278,3730,260539,0,3.88,social
278,3870,260539,0,3.88,social
278,4520,260539,0,3.88,social
278,4610,260539,0,3.88,social
278,6100,260539,0,3.88,social
278,6920,260539,0,3.88,social
278,7520,260539,0,3.88,social
278,7540,260539,0,3.88,social
278,7740,260539,1,3.88,social
278,7770,260539,1,3.88,social
278,9740,260539,1,3.88,social
278,10940,260539,0,3.88,social
278,11350,260539,0,3.88,social
278,12080,260539,0,3.88,social
278,12380,260539,0,3.88,social
278,12590,260539,0,3.88,social
278,14720,260539,0,3.88,social
278,16430,260539,0,3.88,social
278,18160,260539,1,3.88,social
278,18330,260539,1,3.88,social
278,19400,260539,1,3.88,social
278,19780,260539,0,3.88,social
278,19980,260539,0,3.88,alone
282,730,260694,0,4.13,social
282,1710,260694,0,4.13,alone
282,2120,260694,0,4.13,social
282,2670,260694,0,4.13,alone
282,3410,260694,0,4.13,social
282,3810,260694,0,4.13,social
282,4650,260694,0,4.13,alone
282,5030,260694,0,4.13,social
282,5050,260694,0,4.13,social
282,5600,260694,0,4.13,social
282,6740,260694,0,4.13,social
282,7120,260694,0,4.13,social
282,8020,260694,0,4.13,social
282,8370,260694,0,4.13,social
282,11080,260694,0,4.13,social
282,13990,260694,0,4.13,social
282,15250,260694,0,4.13,social
282,16420,260694,0,4.13,social
282,16800,260694,0,4.13,social
282,17090,260694,0,4.13,social
282,17550,260694,0,4.13,social
282,19160,260694,0,4.13,social
282,19560,260694,0,4.13,social
282,20440,260694,0,4.13,social
282,28530,260694,0,4.13,social
282,28750,260694,0,4.13,social
282,29410,260694,0,4.13,alone
282,35890,260694,0,4.13,social
286,2050,260772,0,4.83,social
286,3040,260772,0,4.83,alone
286,3070,260772,1,4.83,alone
286,4330,260772,0,4.83,social
286,4500,260772,0,4.83,social
286,6530,260772,0,4.83,social
286,7890,260772,0,4.83,alone
286,7990,260772,0,4.83,social
286,9170,260772,0,4.83,social
286,9620,260772,0,4.83,social
286,10990,260772,0,4.83,social
286,12460,260772,0,4.83,alone
286,12950,260772,0,4.83,social
286,13880,260772,0,4.83,social
286,14900,260772,0,4.83,alone
286,15120,260772,0,4.83,social
286,15410,260772,0,4.83,social
286,15630,260772,0,4.83,social
286,15940,260772,0,4.83,alone
286,16590,260772,0,4.83,social
286,16940,260772,0,4.83,alone
286,17450,260772,0,4.83,social
286,18170,260772,0,4.83,alone
286,18310,260772,0,4.83,alone
286,18910,260772,0,4.83,alone
286,19790,260772,0,4.83,alone
286,20390,260772,0,4.83,social
286,20600,260772,0,4.83,alone
286,23200,260772,0,4.83,alone
286,23990,260772,0,4.83,social
286,24250,260772,0,4.83,alone
286,24540,260772,0,4.83,alone
286,24550,260772,0,4.83,alone
286,25030,260772,0,4.83,alone
286,26700,260772,0,4.83,alone
286,26990,260772,0,4.83,social
286,28150,260772,0,4.83,alone
286,28790,260772,0,4.83,social
286,30980,260772,0,4.83,social
286,31990,260772,0,4.83,social
286,33450,260772,0,4.83,alone
286,35280,260772,0,4.83,alone
286,36430,260772,0,4.83,social
286,40160,260772,0,4.83,alone
286,40420,260772,0,4.83,social
286,40570,260772,0,4.83,social
286,40700,260772,0,4.83,social
286,43890,260772,0,4.83,social
316,160,262208,0,3.2,social
316,3610,262208,1,3.2,alone
316,5250,262208,0,3.2,alone
316,5520,262208,0,3.2,social
316,6360,262208,0,3.2,social
316,6800,262208,0,3.2,alone
316,10260,262208,0,3.2,social
316,11580,262208,1,3.2,social
316,14200,262208,1,3.2,social
316,16570,262208,1,3.2,social
316,17730,262208,1,3.2,social
316,18810,262208,0,3.2,social
316,20890,262208,0,3.2,social
316,21280,262208,1,3.2,social
316,21940,262208,0,3.2,social
316,22040,262208,0,3.2,social
316,22350,262208,0,3.2,alone
316,23570,262208,0,3.2,alone
316,23690,262208,0,3.2,social
316,24680,262208,0,3.2,social
316,25420,262208,0,3.2,social
316,25500,262208,0,3.2,social
316,25730,262208,0,3.2,social
316,27930,262208,0,3.2,social
316,29190,262208,1,3.2,social
322,2630,262246,0,3.97,alone
322,4080,262246,0,3.97,alone
322,4200,262246,0,3.97,alone
322,4810,262246,0,3.97,social
322,5180,262246,0,3.97,social
322,5490,262246,0,3.97,social
322,6840,262246,0,3.97,social
322,7510,262246,0,3.97,social
322,7560,262246,0,3.97,social
322,8450,262246,0,3.97,social
322,8770,262246,0,3.97,social
322,9290,262246,0,3.97,social
322,10820,262246,1,3.97,social
322,11390,262246,0,3.97,social
322,12280,262246,0,3.97,social
322,12680,262246,0,3.97,alone
322,12920,262246,0,3.97,alone
322,13410,262246,0,3.97,alone
322,13830,262246,0,3.97,alone
322,14790,262246,0,3.97,alone
322,15610,262246,0,3.97,alone
322,15630,262246,0,3.97,alone
322,15980,262246,0,3.97,alone
322,17240,262246,0,3.97,social
322,17930,262246,0,3.97,alone
322,19310,262246,0,3.97,alone
322,19400,262246,0,3.97,alone
322,20960,262246,1,3.97,social
322,21510,262246,0,3.97,social
322,21880,262246,0,3.97,social
322,22270,262246,1,3.97,social
322,22370,262246,1,3.97,social
322,22570,262246,0,3.97,alone
322,23590,262246,0,3.97,social
322,23650,262246,0,3.97,social
322,23690,262246,0,3.97,social
322,24330,262246,0,3.97,social
322,24430,262246,0,3.97,alone
322,25050,262246,0,3.97,alone
322,25880,262246,0,3.97,alone
322,29820,262246,0,3.97,social
322,30060,262246,0,3.97,social
322,30670,262246,0,3.97,social
322,31860,262246,0,3.97,social
322,32650,262246,0,3.97,alone
322,32940,262246,0,3.97,alone
322,35400,262246,0,3.97,social
322,36470,262246,0,3.97,social
322,36530,262246,0,3.97,social
322,36840,262246,1,3.97,social
322,36980,262246,0,3.97,social
322,38910,262246,0,3.97,social
322,40570,262246,0,3.97,social
322,40640,262246,0,3.97,social
325,1980,262246,0,4.03,social
325,3440,262246,0,4.03,social
325,4140,262246,0,4.03,social
325,7190,262246,0,4.03,social
325,7300,262246,0,4.03,social
325,10760,262246,0,4.03,social
325,11540,262246,0,4.03,social
325,11560,262246,0,4.03,social
325,13470,262246,1,4.03,alone
325,13600,262246,0,4.03,social
325,14490,262246,0,4.03,social
325,15810,262246,1,4.03,alone
325,16050,262246,0,4.03,alone
325,16180,262246,0,4.03,social
325,18420,262246,0,4.03,alone
325,19040,262246,0,4.03,alone
325,19640,262246,0,4.03,alone
325,20440,262246,0,4.03,alone
325,22100,262246,0,4.03,social
325,22320,262246,0,4.03,alone
325,22720,262246,0,4.03,alone
325,23150,262246,0,4.03,alone
325,24220,262246,0,4.03,alone
325,24510,262246,0,4.03,alone
325,24700,262246,0,4.03,alone
325,25600,262246,0,4.03,social
325,25750,262246,1,4.03,social
325,26920,262246,1,4.03,alone
325,27230,262246,0,4.03,alone
325,27680,262246,0,4.03,alone
325,27710,262246,0,4.03,alone
325,28420,262246,0,4.03,alone
325,28650,262246,0,4.03,alone
325,28820,262246,0,4.03,alone
325,29350,262246,0,4.03,alone
325,29710,262246,0,4.03,alone
325,29720,262246,0,4.03,alone
325,29840,262246,0,4.03,alone
325,31130,262246,0,4.03,alone
325,31470,262246,0,4.03,alone
325,32100,262246,0,4.03,alone
325,37080,262246,0,4.03,alone
325,37890,262246,0,4.03,alone
325,39320,262246,0,4.03,alone
325,39850,262246,0,4.03,alone
325,40020,262246,0,4.03,alone
325,42360,262246,0,4.03,alone
325,42720,262246,0,4.03,alone
325,42760,262246,0,4.03,alone
325,42910,262246,0,4.03,alone
325,44580,262246,0,4.03,social
325,45180,262246,0,4.03,alone
325,45230,262246,0,4.03,alone
325,45640,262246,0,4.03,alone
325,45720,262246,0,4.03,alone
325,46720,262246,0,4.03,alone
325,47060,262246,0,4.03,alone
325,47320,262246,0,4.03,alone
325,47580,262246,0,4.03,alone
325,48450,262246,0,4.03,alone
325,48650,262246,1,4.03,social
325,48850,262246,0,4.03,alone
325,48890,262246,0,4.03,alone
325,50610,262246,0,4.03,alone
325,51020,262246,0,4.03,alone
325,51220,262246,0,4.03,alone
325,53270,262246,0,4.03,alone
327,280,262333,0,5.49,alone
327,1000,262333,0,5.49,alone
327,2330,262333,0,5.49,alone
327,3040,262333,0,5.49,alone
327,3450,262333,0,5.49,alone
327,4870,262333,0,5.49,alone
327,5530,262333,0,5.49,alone
327,5920,262333,0,5.49,alone
327,5970,262333,0,5.49,alone
327,9840,262333,0,5.49,social
327,9970,262333,0,5.49,social
327,10230,262333,0,5.49,alone
327,12120,262333,0,5.49,alone
327,13090,262333,0,5.49,alone
327,13330,262333,0,5.49,alone
327,15340,262333,0,5.49,alone
327,15470,262333,0,5.49,alone
327,16010,262333,0,5.49,alone
327,19610,262333,0,5.49,social
327,22010,262333,0,5.49,alone
327,22100,262333,0,5.49,alone
327,22880,262333,0,5.49,alone
327,22900,262333,0,5.49,alone
327,23090,262333,0,5.49,social
327,23330,262333,0,5.49,social
327,23890,262333,0,5.49,alone
327,23960,262333,0,5.49,alone
327,24790,262333,0,5.49,alone
327,25210,262333,0,5.49,alone
327,25620,262333,0,5.49,alone
327,25880,262333,0,5.49,alone
327,26190,262333,0,5.49,alone
327,26250,262333,0,5.49,alone
327,28180,262333,0,5.49,alone
327,28480,262333,0,5.49,alone
327,31340,262333,0,5.49,social
327,31510,262333,0,5.49,alone
327,32040,262333,0,5.49,alone
327,32180,262333,0,5.49,alone
327,33700,262333,0,5.49,alone
327,34520,262333,0,5.49,alone
327,34770,262333,0,5.49,alone
341,40,262521,0,5.27,social
341,980,262521,0,5.27,social
341,3270,262521,0,5.27,social
341,3390,262521,0,5.27,social
341,3570,262521,0,5.27,alone
341,6070,262521,0,5.27,social
341,6320,262521,0,5.27,social
341,6580,262521,0,5.27,social
341,8250,262521,0,5.27,social
341,11570,262521,0,5.27,alone
341,12560,262521,0,5.27,alone
341,14880,262521,0,5.27,alone
341,15030,262521,0,5.27,social
341,15200,262521,0,5.27,social
341,16640,262521,0,5.27,social
341,17430,262521,0,5.27,alone
341,17970,262521,0,5.27,social
341,18880,262521,0,5.27,social
341,19740,262521,0,5.27,social
341,20840,262521,0,5.27,alone
341,21510,262521,0,5.27,social
341,22810,262521,0,5.27,social
341,23180,262521,0,5.27,social
341,23710,262521,0,5.27,alone
341,23750,262521,0,5.27,alone
341,24740,262521,0,5.27,social
341,25080,262521,0,5.27,social
341,25310,262521,0,5.27,social
341,25620,262521,0,5.27,social
341,27200,262521,0,5.27,social
341,27240,262521,0,5.27,social
341,27510,262521,0,5.27,social
341,27960,262521,0,5.27,social
341,28380,262521,0,5.27,social
341,28540,262521,0,5.27,social
341,28710,262521,0,5.27,alone
341,29310,262521,0,5.27,social
341,30430,262521,0,5.27,social
341,31100,262521,0,5.27,social
341,32250,262521,0,5.27,social
341,32290,262521,0,5.27,social
341,32400,262521,0,5.27,social
341,33810,262521,0,5.27,alone
341,34850,262521,0,5.27,alone
341,36430,262521,0,5.27,social
341,37210,262521,0,5.27,social
341,38270,262521,0,5.27,social
341,38620,262521,0,5.27,social
341,38830,262521,0,5.27,social
341,38900,262521,0,5.27,social
341,39030,262521,0,5.27,social
341,40320,262521,0,5.27,social
341,41670,262521,0,5.27,social
341,41880,262521,0,5.27,alone
341,42570,262521,0,5.27,social
341,42690,262521,0,5.27,alone
341,42880,262521,0,5.27,alone
341,43360,262521,0,5.27,alone
341,43720,262521,0,5.27,alone
341,44220,262521,0,5.27,social
341,44610,262521,0,5.27,social
341,45120,262521,0,5.27,alone
341,45630,262521,0,5.27,social
341,46360,262521,0,5.27,alone
341,47800,262521,0,5.27,alone
341,49930,262521,0,5.27,alone
341,50470,262521,0,5.27,social
341,50580,262521,0,5.27,alone
341,52100,262521,0,5.27,social
380,470,263207,0,5.16,alone
380,1220,263207,0,5.16,alone
380,5590,263207,0,5.16,alone
380,9360,263207,0,5.16,social
380,15520,263207,0,5.16,social
380,16400,263207,0,5.16,social
380,16480,263207,0,5.16,social
380,18980,263207,0,5.16,social
380,23470,263207,0,5.16,alone
380,23730,263207,0,5.16,alone
380,25190,263207,0,5.16,social
405,2130,263986,0,4.64,social
405,3040,263986,0,4.64,social
405,3080,263986,0,4.64,social
405,3200,263986,0,4.64,social
405,4180,263986,0,4.64,social
405,4270,263986,1,4.64,alone
405,4460,263986,0,4.64,social
405,5500,263986,0,4.64,social
405,5590,263986,0,4.64,social
405,5910,263986,0,4.64,social
405,6150,263986,0,4.64,alone
405,8050,263986,0,4.64,social
405,8160,263986,0,4.64,social
405,9720,263986,0,4.64,social
405,9750,263986,0,4.64,alone
405,10580,263986,0,4.64,social
405,11730,263986,0,4.64,social
405,12540,263986,0,4.64,social
405,13180,263986,0,4.64,social
405,13550,263986,0,4.64,social
405,15790,263986,0,4.64,social
405,16870,263986,0,4.64,social
405,16960,263986,0,4.64,social
405,17170,263986,0,4.64,social
405,17430,263986,0,4.64,social
405,17450,263986,0,4.64,social
405,19430,263986,0,4.64,alone
405,20190,263986,0,4.64,social
405,20990,263986,0,4.64,social
405,21060,263986,0,4.64,social
405,21130,263986,0,4.64,social
405,23700,263986,0,4.64,social
405,23960,263986,0,4.64,social
405,24110,263986,0,4.64,social
405,25530,263986,0,4.64,social
405,25660,263986,0,4.64,social
405,26030,263986,0,4.64,social
405,26840,263986,0,4.64,social
405,27000,263986,0,4.64,social
405,27100,263986,0,4.64,social
405,27400,263986,0,4.64,social
405,28070,263986,0,4.64,social
405,30010,263986,0,4.64,social
405,30300,263986,0,4.64,alone
405,31060,263986,0,4.64,social
405,31510,263986,0,4.64,alone
405,33330,263986,0,4.64,social
405,36060,263986,0,4.64,social
405,36450,263986,0,4.64,social
405,36550,263986,1,4.64,alone
405,36960,263986,0,4.64,social
405,37520,263986,0,4.64,social
405,37660,263986,1,4.64,alone
405,40220,263986,1,4.64,social
405,40720,263986,0,4.64,social
405,40920,263986,0,4.64,social
405,41130,263986,0,4.64,social
405,41460,263986,0,4.64,social
405,41490,263986,0,4.64,social
405,42600,263986,0,4.64,social
405,43320,263986,0,4.64,social
405,43630,263986,0,4.64,social
405,43700,263986,0,4.64,social
405,43910,263986,1,4.64,social
405,44080,263986,0,4.64,social
405,44710,263986,0,4.64,social
405,46040,263986,0,4.64,social
405,47780,263986,0,4.64,social
405,47880,263986,0,4.64,social
405,48000,263986,0,4.64,social
405,48670,263986,0,4.64,social
405,49110,263986,0,4.64,social
427,680,264351,0,4.12,social
427,850,264351,0,4.12,alone
427,2550,264351,0,4.12,social
427,4590,264351,0,4.12,social
427,4670,264351,0,4.12,alone
427,4700,264351,0,4.12,alone
427,5100,264351,0,4.12,alone
427,5600,264351,0,4.12,alone
427,6010,264351,0,4.12,alone
427,6380,264351,0,4.12,alone
427,8030,264351,0,4.12,alone
427,8090,264351,0,4.12,alone
427,8820,264351,0,4.12,social
427,9240,264351,0,4.12,alone
427,9490,264351,0,4.12,alone
427,9500,264351,0,4.12,alone
427,9850,264351,0,4.12,social
427,10470,264351,0,4.12,alone
427,11690,264351,0,4.12,alone
427,12100,264351,0,4.12,alone
427,12790,264351,0,4.12,social
427,12820,264351,0,4.12,social
427,13190,264351,0,4.12,alone
427,14480,264351,0,4.12,alone
427,15560,264351,0,4.12,alone
427,15670,264351,0,4.12,alone
427,16720,264351,0,4.12,social
427,17650,264351,0,4.12,social
427,21130,264351,0,4.12,social
427,21350,264351,0,4.12,social
427,21890,264351,0,4.12,social
448,1240,264683,0,4.6,social
448,2020,264683,0,4.6,alone
448,2630,264683,0,4.6,alone
448,3610,264683,0,4.6,alone
448,4690,264683,0,4.6,alone
448,5470,264683,0,4.6,alone
448,6370,264683,0,4.6,alone
448,6510,264683,0,4.6,alone
448,7150,264683,0,4.6,social
448,8030,264683,0,4.6,alone
448,9180,264683,0,4.6,alone
448,9770,264683,0,4.6,alone
448,11250,264683,0,4.6,social
448,11280,264683,0,4.6,alone
448,12370,264683,0,4.6,alone
448,12900,264683,0,4.6,alone
448,13570,264683,0,4.6,social
448,14930,264683,0,4.6,alone
448,15200,264683,0,4.6,alone
448,15350,264683,0,4.6,social
448,15420,264683,0,4.6,social
448,15880,264683,0,4.6,social
448,16580,264683,0,4.6,social
448,16760,264683,0,4.6,alone
448,17250,264683,0,4.6,alone
448,21620,264683,0,4.6,social
448,21990,264683,0,4.6,social
448,22450,264683,0,4.6,alone
448,23060,264683,0,4.6,alone
448,25740,264683,0,4.6,alone
448,27070,264683,0,4.6,alone
448,27350,264683,0,4.6,alone
448,28230,264683,0,4.6,alone
448,29390,264683,0,4.6,social
448,30510,264683,0,4.6,alone
448,30930,264683,0,4.6,alone
448,31080,264683,0,4.6,alone
448,32280,264683,0,4.6,social
448,32300,264683,0,4.6,alone
448,32900,264683,0,4.6,social
448,33200,264683,0,4.6,social
448,34000,264683,0,4.6,alone
448,34710,264683,0,4.6,alone
448,36780,264683,0,4.6,social
453,1750,264774,0,4.5,alone
453,3000,264774,0,4.5,alone
453,3190,264774,0,4.5,social
453,3350,264774,0,4.5,social
453,3370,264774,0,4.5,social
453,3810,264774,0,4.5,alone
453,4400,264774,0,4.5,alone
453,5400,264774,0,4.5,social
453,5640,264774,0,4.5,alone
453,6330,264774,0,4.5,social
453,8180,264774,0,4.5,social
453,8880,264774,0,4.5,alone
453,9670,264774,0,4.5,social
453,10150,264774,0,4.5,social
453,11760,264774,0,4.5,alone
453,15780,264774,0,4.5,alone
453,16300,264774,0,4.5,social
453,16380,264774,0,4.5,alone
453,18160,264774,0,4.5,social
453,19020,264774,0,4.5,social
453,20310,264774,0,4.5,social
453,20760,264774,0,4.5,social
453,23050,264774,0,4.5,social
453,23220,264774,0,4.5,alone
453,26030,264774,0,4.5,alone
453,28090,264774,0,4.5,alone
453,28360,264774,0,4.5,alone
453,29170,264774,0,4.5,social
453,29790,264774,0,4.5,social
453,30120,264774,0,4.5,social
453,30510,264774,0,4.5,social
453,30750,264774,0,4.5,social
453,31060,264774,0,4.5,alone
453,31160,264774,0,4.5,alone
453,31660,264774,0,4.5,alone
453,32310,264774,0,4.5,alone
453,32540,264774,0,4.5,social
453,32950,264774,0,4.5,social
453,33980,264774,0,4.5,alone
453,34600,264774,0,4.5,social
453,35010,264774,0,4.5,social
453,35420,264774,0,4.5,alone
453,35540,264774,0,4.5,alone
453,35800,264774,0,4.5,alone
453,36080,264774,0,4.5,alone
453,36760,264774,0,4.5,alone
453,38160,264774,0,4.5,social
453,38500,264774,0,4.5,alone
453,39060,264774,0,4.5,alone
453,39400,264774,0,4.5,alone
453,39440,264774,0,4.5,alone
453,39690,264774,0,4.5,social
453,40350,264774,0,4.5,alone
453,40750,264774,0,4.5,alone
453,40830,264774,0,4.5,alone
453,43160,264774,0,4.5,social
453,44330,264774,0,4.5,social
453,45780,264774,0,4.5,social
453,46510,264774,0,4.5,alone
453,46890,264774,0,4.5,alone
453,46910,264774,0,4.5,alone
453,47550,264774,0,4.5,social
453,48510,264774,0,4.5,social
453,48810,264774,0,4.5,social
453,48960,264774,0,4.5,social
453,49290,264774,0,4.5,social
453,49430,264774,0,4.5,social
453,49450,264774,0,4.5,social
453,50370,264774,0,4.5,social
453,51490,264774,0,4.5,alone
453,51870,264774,0,4.5,social
453,52240,264774,0,4.5,alone
453,53050,264774,0,4.5,alone
453,53300,264774,0,4.5,alone
453,53540,264774,0,4.5,alone
470,1730,265779,0,4.44,social
470,2670,265779,0,4.44,social
470,3290,265779,0,4.44,social
470,3380,265779,0,4.44,social
470,3690,265779,0,4.44,social
470,5510,265779,0,4.44,social
470,5580,265779,0,4.44,social
470,6230,265779,0,4.44,social
470,8270,265779,0,4.44,social
470,9730,265779,0,4.44,social
470,10060,265779,0,4.44,social
470,10130,265779,0,4.44,social
470,10950,265779,0,4.44,social
470,10970,265779,0,4.44,social
470,11200,265779,0,4.44,social
470,12660,265779,0,4.44,social
470,13090,265779,0,4.44,social
470,13240,265779,0,4.44,social
470,13300,265779,0,4.44,social
470,13600,265779,0,4.44,social
470,13890,265779,0,4.44,social
470,14270,265779,0,4.44,social
470,14790,265779,0,4.44,social
470,14920,265779,0,4.44,social
470,15110,265779,0,4.44,social
470,15400,265779,0,4.44,social
470,16170,265779,0,4.44,social
470,16480,265779,0,4.44,social
470,16710,265779,0,4.44,social
470,17220,265779,0,4.44,social
470,18180,265779,0,4.44,social
470,19540,265779,0,4.44,social
470,19610,265779,0,4.44,social
470,20330,265779,0,4.44,social
470,20740,265779,0,4.44,social
470,21650,265779,0,4.44,social
470,25560,265779,0,4.44,social
470,25840,265779,0,4.44,social
470,26050,265779,0,4.44,social
470,26820,265779,0,4.44,social
470,26960,265779,0,4.44,social
470,28320,265779,0,4.44,social
470,29170,265779,0,4.44,social
470,29330,265779,0,4.44,social
470,31470,265779,0,4.44,social
470,34660,265779,0,4.44,social
470,35540,265779,0,4.44,social
470,38190,265779,0,4.44,social
470,40740,265779,0,4.44,social
470,41070,265779,0,4.44,social
470,41180,265779,0,4.44,social
470,46070,265779,0,4.44,social
470,48030,265779,0,4.44,social
470,48410,265779,0,4.44,social
470,50130,265779,0,4.44,social
470,50690,265779,0,4.44,social
470,51420,265779,0,4.44,social
470,51570,265779,0,4.44,social
470,51930,265779,0,4.44,social
470,52110,265779,0,4.44,social
476,1640,266050,0,3.62,alone
476,2150,266050,0,3.62,alone
476,4040,266050,0,3.62,alone
476,4170,266050,0,3.62,alone
476,4760,266050,0,3.62,social
476,5120,266050,0,3.62,alone
476,5420,266050,0,3.62,alone
476,6260,266050,0,3.62,social
476,6270,266050,0,3.62,social
476,6320,266050,0,3.62,social
476,7130,266050,0,3.62,alone
476,7810,266050,0,3.62,social
476,7860,266050,0,3.62,social
476,9500,266050,0,3.62,alone
476,10900,266050,0,3.62,alone
476,11180,266050,0,3.62,alone
476,11410,266050,0,3.62,alone
476,12540,266050,0,3.62,alone
476,12760,266050,0,3.62,social
476,14180,266050,0,3.62,social
476,15460,266050,0,3.62,alone
476,15830,266050,0,3.62,alone
476,16450,266050,0,3.62,social
476,16640,266050,0,3.62,social
476,16950,266050,0,3.62,alone
476,17310,266050,0,3.62,alone
476,17410,266050,0,3.62,alone
476,18330,266050,0,3.62,social
476,18660,266050,0,3.62,social
476,19130,266050,0,3.62,social
476,19340,266050,0,3.62,social
476,19560,266050,0,3.62,social
476,19980,266050,0,3.62,alone
476,20410,266050,0,3.62,social
476,20470,266050,0,3.62,social
476,22350,266050,0,3.62,alone
476,22520,266050,0,3.62,alone
476,23000,266050,0,3.62,social
476,23600,266050,0,3.62,social
476,23810,266050,0,3.62,social
476,24520,266050,0,3.62,social
476,24980,266050,0,3.62,alone
476,25220,266050,0,3.62,alone
476,25590,266050,0,3.62,alone
476,26130,266050,0,3.62,social
476,27670,266050,0,3.62,social
476,29490,266050,0,3.62,social
476,29810,266050,0,3.62,alone
476,29890,266050,0,3.62,social
476,31940,266050,0,3.62,alone
476,32240,266050,0,3.62,social
476,32510,266050,0,3.62,alone
476,35800,266050,0,3.62,alone
476,35890,266050,0,3.62,alone
476,37890,266050,0,3.62,alone
476,38770,266050,0,3.62,social
476,38920,266050,0,3.62,alone
476,39780,266050,0,3.62,alone
476,40430,266050,0,3.62,social
476,40810,266050,0,3.62,alone
476,42120,266050,0,3.62,alone
476,42150,266050,0,3.62,alone
476,43650,266050,0,3.62,social
476,44250,266050,0,3.62,social
476,44610,266050,0,3.62,social
476,44620,266050,0,3.62,social
476,46860,266050,0,3.62,social
476,48330,266050,0,3.62,social
476,48640,266050,0,3.62,social
476,49880,266050,0,3.62,social
476,50660,266050,0,3.62,alone
476,50960,266050,0,3.62,social
476,51450,266050,0,3.62,alone
476,51480,266050,0,3.62,alone
476,51730,266050,0,3.62,social
476,52220,266050,0,3.62,social
476,52400,266050,0,3.62,alone
476,53330,266050,0,3.62,alone
476,53770,266050,0,3.62,social
476,53830,266050,0,3.62,social
477,390,266050,0,3.62,social
477,1100,266050,0,3.62,social
477,1500,266050,0,3.62,social
477,1730,266050,0,3.62,social
477,3540,266050,0,3.62,social
477,4480,266050,0,3.62,social
477,4780,266050,0,3.62,social
477,6440,266050,0,3.62,social
477,8490,266050,0,3.62,social
477,8600,266050,0,3.62,alone
477,10510,266050,0,3.62,alone
477,12750,266050,0,3.62,alone
477,12940,266050,0,3.62,social
477,13580,266050,0,3.62,social
477,14040,266050,0,3.62,alone
477,14380,266050,0,3.62,alone
477,15100,266050,0,3.62,alone
477,16820,266050,0,3.62,alone
477,17870,266050,0,3.62,social
477,18060,266050,0,3.62,social
477,18610,266050,0,3.62,social
477,18620,266050,0,3.62,social
477,20400,266050,0,3.62,alone
477,20930,266050,0,3.62,social
477,21140,266050,0,3.62,social
477,21520,266050,0,3.62,social
477,21670,266050,0,3.62,alone
477,23920,266050,0,3.62,alone
477,24320,266050,0,3.62,alone
477,24760,266050,0,3.62,alone
477,24850,266050,0,3.62,alone
477,24980,266050,0,3.62,alone
477,25640,266050,0,3.62,alone
477,25760,266050,0,3.62,alone
477,25950,266050,0,3.62,social
477,26620,266050,0,3.62,alone
477,26720,266050,0,3.62,alone
477,28110,266050,0,3.62,alone
477,29630,266050,0,3.62,alone
477,30340,266050,0,3.62,alone
477,31350,266050,0,3.62,alone
477,33430,266050,0,3.62,alone
477,34000,266050,0,3.62,alone
477,34290,266050,0,3.62,alone
477,35640,266050,0,3.62,social
477,37070,266050,0,3.62,alone
477,37280,266050,0,3.62,social
477,38010,266050,0,3.62,social
477,40010,266050,0,3.62,alone
477,40100,266050,0,3.62,social
477,40680,266050,0,3.62,alone
477,40890,266050,0,3.62,alone
477,41280,266050,0,3.62,social
477,41700,266050,0,3.62,social
477,41910,266050,0,3.62,social
477,42090,266050,0,3.62,alone
477,42430,266050,0,3.62,alone
477,43760,266050,0,3.62,social
477,44060,266050,0,3.62,alone
477,44970,266050,0,3.62,alone
477,45620,266050,0,3.62,alone
477,46060,266050,0,3.62,alone
477,46620,266050,0,3.62,alone
477,46680,266050,0,3.62,alone
477,47560,266050,0,3.62,alone
477,48200,266050,0,3.62,alone
477,48240,266050,0,3.62,alone
477,48830,266050,0,3.62,alone
477,51700,266050,0,3.62,alone
477,53790,266050,0,3.62,alone
480,930,266050,0,3.63,social
480,1810,266050,0,3.63,social
480,2180,266050,0,3.63,social
480,2340,266050,0,3.63,social
480,2600,266050,0,3.63,social
480,2950,266050,0,3.63,social
480,3180,266050,0,3.63,social
480,4470,266050,0,3.63,alone
480,5290,266050,0,3.63,alone
480,6500,266050,0,3.63,social
480,7750,266050,0,3.63,alone
480,7760,266050,0,3.63,alone
480,7830,266050,0,3.63,alone
480,10830,266050,0,3.63,alone
480,11880,266050,0,3.63,alone
480,13760,266050,0,3.63,alone
480,14770,266050,0,3.63,alone
480,15690,266050,0,3.63,alone
480,18100,266050,0,3.63,alone
480,18850,266050,0,3.63,alone
480,18940,266050,0,3.63,alone
480,20500,266050,0,3.63,alone
480,21030,266050,0,3.63,alone
480,21320,266050,0,3.63,alone
480,25320,266050,0,3.63,alone
480,25730,266050,0,3.63,social
480,31220,266050,0,3.63,social
480,33320,266050,0,3.63,social
480,33600,266050,0,3.63,social
480,34150,266050,0,3.63,alone
480,36280,266050,0,3.63,alone
480,36500,266050,0,3.63,alone
480,36830,266050,0,3.63,social
480,36990,266050,0,3.63,social
480,39590,266050,0,3.63,social
480,39670,266050,0,3.63,social
480,41030,266050,0,3.63,social
480,42320,266050,0,3.63,alone
480,42540,266050,0,3.63,alone
480,42960,266050,0,3.63,social
480,43150,266050,0,3.63,social
480,45880,266050,0,3.63,social
480,46130,266050,0,3.63,social
480,46630,266050,0,3.63,social
480,46920,266050,0,3.63,alone
480,49110,266050,0,3.63,alone
480,49520,266050,0,3.63,alone
480,51850,266050,0,3.63,alone
480,51910,266050,0,3.63,alone
480,52350,266050,0,3.63,alone
480,53780,266050,0,3.63,social
480,53890,266050,0,3.63,social
487,300,266050,0,3.64,social
487,2330,266050,0,3.64,alone
487,2370,266050,0,3.64,alone
487,2630,266050,0,3.64,social
487,2690,266050,0,3.64,social
487,3130,266050,0,3.64,social
487,5950,266050,0,3.64,alone
487,6230,266050,0,3.64,alone
487,7540,266050,0,3.64,social
487,8790,266050,0,3.64,social
487,9550,266050,0,3.64,alone
487,9840,266050,0,3.64,social
487,12450,266050,0,3.64,alone
487,12660,266050,0,3.64,alone
487,13570,266050,0,3.64,alone
487,13950,266050,0,3.64,alone
487,15010,266050,0,3.64,alone
487,18420,266050,0,3.64,social
487,19610,266050,0,3.64,social
487,20290,266050,0,3.64,social
487,20330,266050,0,3.64,alone
487,20360,266050,0,3.64,alone
487,20490,266050,0,3.64,alone
487,20510,266050,0,3.64,alone
487,20720,266050,0,3.64,alone
487,21220,266050,0,3.64,alone
487,22810,266050,0,3.64,social
487,23400,266050,0,3.64,social
487,24840,266050,0,3.64,social
487,25330,266050,0,3.64,alone
487,25410,266050,0,3.64,alone
487,28410,266050,0,3.64,social
487,29780,266050,0,3.64,social
487,29790,266050,0,3.64,social
487,30160,266050,0,3.64,social
487,30250,266050,0,3.64,social
487,30410,266050,0,3.64,social
487,30730,266050,0,3.64,social
487,32080,266050,0,3.64,social
487,33020,266050,0,3.64,alone
487,33590,266050,0,3.64,social
487,33650,266050,0,3.64,alone
487,33880,266050,0,3.64,alone
487,34080,266050,0,3.64,social
487,34180,266050,0,3.64,alone
487,34200,266050,0,3.64,alone
487,35120,266050,0,3.64,social
487,35220,266050,0,3.64,social
487,35240,266050,0,3.64,social
491,290,266063,0,3.5,social
491,360,266063,0,3.5,social
491,590,266063,0,3.5,social
491,860,266063,0,3.5,social
491,1200,266063,0,3.5,social
491,1290,266063,0,3.5,social
491,1570,266063,0,3.5,social
491,1650,266063,0,3.5,social
491,2340,266063,0,3.5,social
491,3490,266063,0,3.5,alone
491,4090,266063,0,3.5,social
491,4680,266063,0,3.5,social
491,4800,266063,0,3.5,social
491,4920,266063,0,3.5,social
491,4960,266063,0,3.5,social
491,5230,266063,0,3.5,social
491,6220,266063,0,3.5,social
491,6560,266063,0,3.5,social
491,6760,266063,0,3.5,social
491,7370,266063,0,3.5,social
491,7560,266063,0,3.5,social
491,7780,266063,0,3.5,social
491,8070,266063,0,3.5,social
491,8740,266063,0,3.5,social
491,9260,266063,0,3.5,social
491,10010,266063,0,3.5,social
491,10130,266063,0,3.5,social
491,10670,266063,0,3.5,social
491,10850,266063,0,3.5,social
491,11410,266063,0,3.5,social
491,11750,266063,0,3.5,social
491,12640,266063,0,3.5,social
491,14070,266063,0,3.5,social
491,14510,266063,0,3.5,social
491,14560,266063,0,3.5,social
491,14650,266063,0,3.5,alone
491,14970,266063,0,3.5,alone
491,15750,266063,0,3.5,alone
491,16830,266063,0,3.5,alone
491,16900,266063,0,3.5,social
491,18200,266063,0,3.5,social
491,21620,266063,0,3.5,alone
491,21800,266063,0,3.5,alone
491,23090,266063,0,3.5,social
491,23220,266063,0,3.5,social
491,23660,266063,0,3.5,alone
491,23680,266063,0,3.5,social
491,24110,266063,0,3.5,social
491,24380,266063,0,3.5,social
491,26590,266063,0,3.5,social
491,26770,266063,0,3.5,social
491,27430,266063,0,3.5,social
491,28000,266063,0,3.5,social
491,29300,266063,0,3.5,social
491,30230,266063,0,3.5,social
491,30490,266063,0,3.5,social
491,30760,266063,0,3.5,social
491,31640,266063,0,3.5,social
491,31690,266063,0,3.5,social
491,31930,266063,0,3.5,social
491,32690,266063,0,3.5,social
491,32740,266063,0,3.5,social
491,32790,266063,0,3.5,social
491,33370,266063,0,3.5,social
491,34190,266063,0,3.5,social
491,34240,266063,0,3.5,social
491,34450,266063,0,3.5,social
491,34910,266063,0,3.5,social
491,35130,266063,0,3.5,social
