video_id,frame_number,child_id,kchi_present,age,object_class
126,8720,255237,1,5.9,none
126,9150,255237,0,5.9,none
126,9150,255237,0,5.9,none
126,9150,255237,0,5.9,none
126,9150,255237,0,5.9,none
126,11320,255237,0,5.9,none
126,11320,255237,0,5.9,5
126,11320,255237,0,5.9,6
126,12140,255237,0,5.9,none
126,12140,255237,0,5.9,none
126,12140,255237,0,5.9,6
126,12210,255237,0,5.9,none
126,12210,255237,0,5.9,none
126,12210,255237,0,5.9,6
126,13200,255237,0,5.9,none
126,13610,255237,0,5.9,none
126,13610,255237,0,5.9,6
126,14710,255237,0,5.9,none
126,14710,255237,0,5.9,none
126,14710,255237,0,5.9,6
126,14910,255237,0,5.9,10
126,14910,255237,0,5.9,none
126,14910,255237,0,5.9,6
126,15960,255237,0,5.9,none
126,15960,255237,0,5.9,6
126,16120,255237,0,5.9,none
126,16120,255237,0,5.9,6
126,16330,255237,0,5.9,none
126,16330,255237,0,5.9,none
126,16960,255237,0,5.9,none
126,16960,255237,0,5.9,6
126,17540,255237,0,5.9,none
126,17880,255237,0,5.9,none
126,17880,255237,0,5.9,6
126,18560,255237,0,5.9,none
126,18560,255237,0,5.9,none
126,18770,255237,0,5.9,none
126,21020,255237,0,5.9,none
126,21120,255237,0,5.9,none
126,22600,255237,0,5.9,none
126,22600,255237,0,5.9,6
126,23150,255237,0,5.9,none
126,23150,255237,0,5.9,6
126,23940,255237,0,5.9,none
126,24540,255237,0,5.9,none
126,24930,255237,1,5.9,none
126,26950,255237,1,5.9,none
126,26950,255237,1,5.9,6
126,27030,255237,0,5.9,none
126,27280,255237,0,5.9,none
126,27630,255237,0,5.9,none
126,27630,255237,0,5.9,6
126,27960,255237,0,5.9,none
126,27960,255237,0,5.9,6
126,28640,255237,0,5.9,none
126,30080,255237,0,5.9,none
126,30080,255237,0,5.9,6
126,30450,255237,0,5.9,none
126,30870,255237,0,5.9,none
126,31310,255237,0,5.9,none
126,31310,255237,0,5.9,6
126,32000,255237,0,5.9,none
126,32320,255237,0,5.9,none
126,32530,255237,0,5.9,none
126,33080,255237,0,5.9,none
126,33700,255237,0,5.9,none
126,33700,255237,0,5.9,none
126,33700,255237,0,5.9,6
126,34100,255237,0,5.9,none
126,34250,255237,0,5.9,none
126,35110,255237,0,5.9,none
126,35420,255237,0,5.9,none
126,35770,255237,0,5.9,none
126,36190,255237,0,5.9,none
126,36740,255237,0,5.9,none
126,37000,255237,0,5.9,none
126,41320,255237,0,5.9,none
126,53590,255237,0,5.9,none
126,53800,255237,0,5.9,none
131,150,255706,1,5.7,10
131,520,255706,0,5.7,none
131,540,255706,0,5.7,10
131,540,255706,0,5.7,none
131,1590,255706,1,5.7,5
131,2620,255706,0,5.7,10
131,2620,255706,0,5.7,10
131,2620,255706,0,5.7,none
131,2620,255706,0,5.7,none
131,5870,255706,1,5.7,10
131,5870,255706,1,5.7,none
131,6790,255706,0,5.7,10
131,6790,255706,0,5.7,none
131,7690,255706,0,5.7,10
131,7690,255706,0,5.7,none
131,7760,255706,1,5.7,10
131,7760,255706,1,5.7,none
131,7890,255706,1,5.7,10
131,7890,255706,1,5.7,none
131,9140,255706,0,5.7,none
131,9740,255706,0,5.7,none
131,10160,255706,0,5.7,10
131,10160,255706,0,5.7,10
131,10160,255706,0,5.7,none
131,10700,255706,1,5.7,10
131,10780,255706,0,5.7,10
131,10780,255706,0,5.7,10
131,10780,255706,0,5.7,none
131,11580,255706,1,5.7,10
131,11580,255706,1,5.7,none
131,12130,255706,1,5.7,10
131,12130,255706,1,5.7,none
131,16390,255706,1,5.7,none
131,16500,255706,0,5.7,none
133,20,255706,0,5.72,none
133,420,255706,0,5.72,none
133,1390,255706,1,5.72,none
133,1390,255706,1,5.72,none
133,1390,255706,1,5.72,none
133,1390,255706,1,5.72,6
133,1750,255706,0,5.72,none
133,1900,255706,0,5.72,none
133,1900,255706,0,5.72,6
133,3230,255706,0,5.72,6
133,4510,255706,1,5.72,none
133,6190,255706,0,5.72,none
133,6190,255706,0,5.72,6
133,6680,255706,1,5.72,none
133,8830,255706,0,5.72,none
133,8830,255706,0,5.72,6
133,9150,255706,0,5.72,none
133,9150,255706,0,5.72,none
133,9610,255706,0,5.72,none
133,12380,255706,0,5.72,10
133,12380,255706,0,5.72,none
133,12380,255706,0,5.72,none
133,12380,255706,0,5.72,6
133,12640,255706,0,5.72,none
133,12640,255706,0,5.72,none
133,12640,255706,0,5.72,7
133,12830,255706,0,5.72,none
133,13830,255706,0,5.72,6
133,15480,255706,0,5.72,6
133,16550,255706,0,5.72,none
133,16550,255706,0,5.72,none
133,16550,255706,0,5.72,6
133,17410,255706,0,5.72,6
133,17410,255706,0,5.72,6
133,17410,255706,0,5.72,6
133,17970,255706,1,5.72,none
133,17970,255706,1,5.72,6
133,18420,255706,1,5.72,none
133,19500,255706,0,5.72,6
133,19600,255706,0,5.72,10
133,19600,255706,0,5.72,none
133,19600,255706,0,5.72,none
133,20470,255706,0,5.72,none
133,21340,255706,0,5.72,6
133,23480,255706,0,5.72,none
133,23480,255706,0,5.72,none
133,23480,255706,0,5.72,6
133,23480,255706,0,5.72,7
133,24220,255706,0,5.72,none
133,24220,255706,0,5.72,6
133,25390,255706,0,5.72,none
133,25390,255706,0,5.72,6
133,25980,255706,0,5.72,none
133,25980,255706,0,5.72,6
133,25980,255706,0,5.72,6
133,25980,255706,0,5.72,7
133,26130,255706,0,5.72,none
133,26130,255706,0,5.72,7
133,26420,255706,0,5.72,none
133,26420,255706,0,5.72,none
133,26420,255706,0,5.72,none
133,26420,255706,0,5.72,6
133,26420,255706,0,5.72,6
133,26420,255706,0,5.72,7
133,27810,255706,1,5.72,none
133,27810,255706,1,5.72,6
133,27810,255706,1,5.72,7
133,28360,255706,1,5.72,none
133,28360,255706,1,5.72,none
133,28360,255706,1,5.72,7
133,28720,255706,1,5.72,none
133,28720,255706,1,5.72,none
133,28720,255706,1,5.72,6
133,28720,255706,1,5.72,6
133,28720,255706,1,5.72,6
133,28950,255706,0,5.72,none
133,28950,255706,0,5.72,6
133,28950,255706,0,5.72,6
133,28950,255706,0,5.72,7
133,29040,255706,1,5.72,none
133,29040,255706,1,5.72,none
133,29040,255706,1,5.72,6
133,29040,255706,1,5.72,6
133,29040,255706,1,5.72,6
133,29040,255706,1,5.72,7
133,29080,255706,1,5.72,none
133,29080,255706,1,5.72,6
133,29080,255706,1,5.72,6
133,29080,255706,1,5.72,7
133,29230,255706,0,5.72,none
133,29960,255706,0,5.72,none
133,29960,255706,0,5.72,7
133,32910,255706,0,5.72,none
133,34050,255706,0,5.72,none
133,34520,255706,0,5.72,none
133,35400,255706,0,5.72,none
133,36080,255706,0,5.72,none
133,36080,255706,0,5.72,none
140,230,256354,0,5.02,10
140,230,256354,0,5.02,none
140,730,256354,0,5.02,10
140,730,256354,0,5.02,none
140,1190,256354,0,5.02,none
140,1950,256354,0,5.02,none
140,1950,256354,0,5.02,9
140,1950,256354,0,5.02,9
140,2360,256354,0,5.02,none
140,2850,256354,0,5.02,9
140,2850,256354,0,5.02,9
140,2850,256354,0,5.02,9
140,3370,256354,0,5.02,none
140,9930,256354,1,5.02,10
140,9930,256354,1,5.02,none
140,10470,256354,0,5.02,none
140,12100,256354,0,5.02,none
140,12530,256354,1,5.02,none
140,12620,256354,1,5.02,none
140,16440,256354,0,5.02,none
140,17480,256354,0,5.02,none
140,18280,256354,1,5.02,none
140,19900,256354,0,5.02,none
140,20010,256354,0,5.02,none
140,20920,256354,0,5.02,none
140,21190,256354,0,5.02,10
140,21190,256354,0,5.02,10
140,21190,256354,0,5.02,10
140,21190,256354,0,5.02,none
140,22940,256354,0,5.02,none
140,23490,256354,1,5.02,none
140,23810,256354,0,5.02,none
140,24640,256354,0,5.02,none
140,26120,256354,0,5.02,none
140,27480,256354,0,5.02,none
140,28420,256354,0,5.02,none
140,29800,256354,0,5.02,none
140,30830,256354,0,5.02,none
140,34670,256354,0,5.02,none
140,34750,256354,0,5.02,none
151,110,257108,0,4.25,none
151,760,257108,0,4.25,none
151,760,257108,0,4.25,none
151,4450,257108,0,4.25,none
151,4760,257108,1,4.25,none
151,5120,257108,0,4.25,none
151,5200,257108,0,4.25,none
151,5630,257108,0,4.25,none
151,5920,257108,0,4.25,none
151,5990,257108,0,4.25,none
151,6260,257108,1,4.25,none
151,6540,257108,0,4.25,none
151,6790,257108,0,4.25,none
151,7330,257108,0,4.25,none
151,9840,257108,0,4.25,none
151,9980,257108,0,4.25,none
151,11140,257108,1,4.25,none
151,13800,257108,0,4.25,none
151,15320,257108,0,4.25,10
151,15320,257108,0,4.25,none
151,15320,257108,0,4.25,5
151,16200,257108,0,4.25,10
151,16200,257108,0,4.25,none
151,16200,257108,0,4.25,none
151,16200,257108,0,4.25,5
151,17160,257108,0,4.25,none
151,17160,257108,0,4.25,5
151,17400,257108,1,4.25,none
151,17400,257108,1,4.25,none
151,17640,257108,0,4.25,none
151,17660,257108,0,4.25,none
151,17660,257108,0,4.25,5
151,17660,257108,0,4.25,6
151,17710,257108,0,4.25,none
151,18120,257108,0,4.25,none
173,30,257578,0,4.04,10
173,30,257578,0,4.04,5
173,30,257578,0,4.04,5
173,40,257578,0,4.04,10
173,40,257578,0,4.04,5
173,140,257578,0,4.04,10
173,140,257578,0,4.04,5
173,140,257578,0,4.04,5
173,700,257578,0,4.04,10
173,700,257578,0,4.04,5
173,700,257578,0,4.04,6
173,1040,257578,0,4.04,6
173,1040,257578,0,4.04,6
173,1950,257578,0,4.04,10
173,1950,257578,0,4.04,none
173,2010,257578,0,4.04,none
173,2010,257578,0,4.04,5
173,2420,257578,0,4.04,none
173,3250,257578,0,4.04,none
173,3250,257578,0,4.04,none
173,3250,257578,0,4.04,none
173,5500,257578,0,4.04,6
173,6130,257578,0,4.04,10
173,6130,257578,0,4.04,none
173,6260,257578,0,4.04,none
173,6300,257578,0,4.04,none
173,12390,257578,0,4.04,5
173,13660,257578,0,4.04,10
173,13660,257578,0,4.04,10
173,13660,257578,0,4.04,none
173,13660,257578,0,4.04,5
173,13660,257578,0,4.04,5
173,14090,257578,0,4.04,10
173,14090,257578,0,4.04,none
173,14090,257578,0,4.04,5
173,14660,257578,0,4.04,10
173,14660,257578,0,4.04,none
173,14870,257578,0,4.04,10
173,14870,257578,0,4.04,10
173,14870,257578,0,4.04,none
173,14870,257578,0,4.04,none
173,14870,257578,0,4.04,5
173,14870,257578,0,4.04,5
173,14970,257578,0,4.04,10
173,14970,257578,0,4.04,10
173,14970,257578,0,4.04,none
173,14970,257578,0,4.04,6
173,15580,257578,0,4.04,10
173,15580,257578,0,4.04,none
173,15610,257578,0,4.04,none
173,15780,257578,0,4.04,10
173,16310,257578,0,4.04,10
173,16310,257578,0,4.04,none
173,16310,257578,0,4.04,5
173,17140,257578,0,4.04,none
173,17200,257578,0,4.04,none
173,17390,257578,0,4.04,10
173,17390,257578,0,4.04,10
173,17390,257578,0,4.04,none
173,17390,257578,0,4.04,5
173,17620,257578,0,4.04,10
173,17620,257578,0,4.04,none
173,17620,257578,0,4.04,5
173,17910,257578,0,4.04,10
173,17910,257578,0,4.04,none
173,17910,257578,0,4.04,5
173,18180,257578,0,4.04,10
173,18280,257578,0,4.04,10
173,18360,257578,0,4.04,10
173,18560,257578,0,4.04,10
173,18560,257578,0,4.04,none
173,18790,257578,0,4.04,7
173,19660,257578,0,4.04,none
173,20610,257578,0,4.04,none
173,20610,257578,0,4.04,7
173,21170,257578,0,4.04,none
173,21170,257578,0,4.04,5
173,21170,257578,0,4.04,7
173,23060,257578,0,4.04,none
173,23060,257578,0,4.04,5
173,23540,257578,0,4.04,none
173,23540,257578,0,4.04,5
173,24210,257578,0,4.04,10
173,24210,257578,0,4.04,none
173,24210,257578,0,4.04,5
173,25270,257578,0,4.04,none
173,25300,257578,0,4.04,none
173,27680,257578,0,4.04,none
173,27680,257578,0,4.04,none
173,27680,257578,0,4.04,5
173,28260,257578,0,4.04,none
173,28730,257578,0,4.04,none
173,28780,257578,0,4.04,none
173,29510,257578,0,4.04,none
173,29720,257578,0,4.04,none
173,30220,257578,0,4.04,none
173,30860,257578,0,4.04,none
173,33200,257578,0,4.04,none
173,33200,257578,0,4.04,7
173,33200,257578,0,4.04,7
173,33430,257578,0,4.04,10
173,33430,257578,0,4.04,7
173,33540,257578,0,4.04,none
173,33540,257578,0,4.04,7
173,33590,257578,0,4.04,none
173,33590,257578,0,4.04,none
173,33590,257578,0,4.04,7
173,33660,257578,0,4.04,none
173,33660,257578,0,4.04,none
173,33660,257578,0,4.04,7
173,33660,257578,0,4.04,7
173,33680,257578,0,4.04,none
173,33680,257578,0,4.04,none
173,33680,257578,0,4.04,7
173,33680,257578,0,4.04,7
173,33680,257578,0,4.04,7
173,34480,257578,0,4.04,7
173,35040,257578,0,4.04,7
173,35040,257578,0,4.04,7
173,35080,257578,0,4.04,7
173,35080,257578,0,4.04,7
173,35080,257578,0,4.04,7
173,35080,257578,0,4.04,7
173,35080,257578,0,4.04,7
173,35700,257578,0,4.04,7
173,35760,257578,0,4.04,7
173,35760,257578,0,4.04,7
173,35760,257578,0,4.04,7
173,36530,257578,0,4.04,7
173,39290,257578,0,4.04,10
173,39290,257578,0,4.04,none
173,39290,257578,0,4.04,7
173,39400,257578,0,4.04,7
173,39400,257578,0,4.04,7
173,39400,257578,0,4.04,7
173,39400,257578,0,4.04,7
173,39460,257578,0,4.04,7
173,39460,257578,0,4.04,7
173,39480,257578,0,4.04,7
173,39480,257578,0,4.04,7
173,40040,257578,0,4.04,7
173,40040,257578,0,4.04,7
173,40040,257578,0,4.04,9
173,40210,257578,0,4.04,none
173,40210,257578,0,4.04,none
173,40210,257578,0,4.04,7
173,40210,257578,0,4.04,7
173,40210,257578,0,4.04,7
173,40210,257578,0,4.04,7
173,40690,257578,0,4.04,7
173,40690,257578,0,4.04,7
173,41410,257578,0,4.04,7
173,41510,257578,0,4.04,7
173,41890,257578,0,4.04,none
173,41890,257578,0,4.04,7
173,41890,257578,0,4.04,7
173,42350,257578,0,4.04,7
173,42370,257578,0,4.04,7
173,42370,257578,0,4.04,7
173,43200,257578,0,4.04,none
173,43200,257578,0,4.04,7
173,43850,257578,0,4.04,7
173,43850,257578,0,4.04,7
173,44420,257578,0,4.04,none
173,44420,257578,0,4.04,7
173,44530,257578,0,4.04,7
173,44530,257578,0,4.04,7
173,44620,257578,0,4.04,7
173,44620,257578,0,4.04,7
173,44870,257578,0,4.04,7
173,44870,257578,0,4.04,7
173,45370,257578,0,4.04,7
173,46000,257578,0,4.04,7
173,46000,257578,0,4.04,7
173,46070,257578,0,4.04,none
173,46070,257578,0,4.04,7
173,46450,257578,0,4.04,none
173,46450,257578,0,4.04,7
173,46450,257578,0,4.04,7
173,46450,257578,0,4.04,7
173,46500,257578,0,4.04,7
173,46500,257578,0,4.04,7
173,46820,257578,0,4.04,7
173,46820,257578,0,4.04,7
173,47100,257578,0,4.04,7
173,47100,257578,0,4.04,7
173,47620,257578,0,4.04,7
173,47680,257578,0,4.04,7
173,47930,257578,0,4.04,7
173,47930,257578,0,4.04,7
173,48770,257578,0,4.04,7
173,49080,257578,0,4.04,7
173,49320,257578,0,4.04,7
173,50360,257578,0,4.04,7
173,50630,257578,0,4.04,7
203,300,258239,0,3.2,none
203,650,258239,1,3.2,none
203,740,258239,0,3.2,none
211,4230,258274,0,5.62,10
211,4230,258274,0,5.62,10
211,4230,258274,0,5.62,none
211,4620,258274,0,5.62,10
211,4620,258274,0,5.62,none
211,4970,258274,0,5.62,10
211,4970,258274,0,5.62,10
211,4970,258274,0,5.62,none
211,5370,258274,0,5.62,10
211,5370,258274,0,5.62,10
211,5370,258274,0,5.62,none
211,5520,258274,1,5.62,10
211,5520,258274,1,5.62,none
211,5930,258274,1,5.62,10
211,5930,258274,1,5.62,10
211,5930,258274,1,5.62,none
211,6520,258274,0,5.62,10
211,6520,258274,0,5.62,10
211,6520,258274,0,5.62,none
211,7710,258274,0,5.62,none
211,13280,258274,0,5.62,none
211,13280,258274,0,5.62,6
211,13780,258274,0,5.62,10
211,13780,258274,0,5.62,none
211,16080,258274,0,5.62,10
211,16080,258274,0,5.62,7
211,18190,258274,0,5.62,none
211,18410,258274,0,5.62,none
211,19420,258274,0,5.62,none
211,20600,258274,0,5.62,none
211,20600,258274,0,5.62,none
211,21200,258274,0,5.62,none
211,21200,258274,0,5.62,none
211,22240,258274,0,5.62,none
211,22380,258274,0,5.62,none
211,23990,258274,0,5.62,10
211,23990,258274,0,5.62,none
211,24990,258274,1,5.62,none
211,24990,258274,1,5.62,5
211,26640,258274,0,5.62,none
211,27160,258274,0,5.62,10
211,27160,258274,0,5.62,none
211,27160,258274,0,5.62,none
211,29040,258274,0,5.62,10
211,29040,258274,0,5.62,none
211,29610,258274,0,5.62,10
211,29610,258274,0,5.62,none
211,29610,258274,0,5.62,5
211,30060,258274,0,5.62,10
211,30060,258274,0,5.62,none
211,30540,258274,0,5.62,none
211,30900,258274,0,5.62,10
211,30900,258274,0,5.62,none
211,32060,258274,0,5.62,10
211,32060,258274,0,5.62,none
211,32060,258274,0,5.62,none
211,32180,258274,0,5.62,10
211,32180,258274,0,5.62,none
211,32980,258274,0,5.62,10
211,32980,258274,0,5.62,none
211,34510,258274,0,5.62,10
211,38460,258274,0,5.62,none
211,42850,258274,0,5.62,none
211,45320,258274,0,5.62,none
211,46370,258274,0,5.62,none
226,140,258541,0,5.87,none
226,240,258541,0,5.87,none
226,310,258541,0,5.87,none
226,310,258541,0,5.87,none
226,910,258541,0,5.87,none
226,1340,258541,0,5.87,10
226,1340,258541,0,5.87,none
226,1620,258541,0,5.87,10
226,1620,258541,0,5.87,6
226,1660,258541,0,5.87,10
226,1660,258541,0,5.87,6
226,3340,258541,0,5.87,none
226,3480,258541,0,5.87,10
226,3480,258541,0,5.87,none
226,3480,258541,0,5.87,none
226,3540,258541,0,5.87,10
226,3540,258541,0,5.87,none
226,3540,258541,0,5.87,none
226,3570,258541,0,5.87,10
226,3570,258541,0,5.87,none
226,4550,258541,0,5.87,none
226,6090,258541,0,5.87,none
226,6090,258541,0,5.87,none
226,6310,258541,0,5.87,10
226,6310,258541,0,5.87,none
226,6490,258541,0,5.87,none
226,7260,258541,0,5.87,10
226,7260,258541,0,5.87,none
226,7260,258541,0,5.87,6
226,9230,258541,0,5.87,none
226,9710,258541,0,5.87,none
226,9710,258541,0,5.87,6
226,10110,258541,0,5.87,10
226,10110,258541,0,5.87,none
226,10730,258541,0,5.87,none
226,10740,258541,0,5.87,none
226,10930,258541,0,5.87,none
226,10930,258541,0,5.87,none
226,11160,258541,0,5.87,10
226,11160,258541,0,5.87,none
226,11610,258541,0,5.87,none
226,13520,258541,0,5.87,none
226,13540,258541,0,5.87,none
226,14790,258541,0,5.87,10
226,15400,258541,0,5.87,none
226,15690,258541,0,5.87,none
78,440,260478,1,4.79,none
78,560,260478,0,4.79,none
78,1580,260478,1,4.79,10
78,1580,260478,1,4.79,none
78,1580,260478,1,4.79,none
78,1810,260478,0,4.79,10
78,1810,260478,0,4.79,none
78,1960,260478,1,4.79,none
78,1960,260478,1,4.79,none
78,2780,260478,1,4.79,10
78,2780,260478,1,4.79,none
78,2780,260478,1,4.79,7
78,2850,260478,1,4.79,10
78,2850,260478,1,4.79,none
78,3300,260478,1,4.79,10
78,3300,260478,1,4.79,none
78,3300,260478,1,4.79,none
78,3350,260478,1,4.79,10
78,3350,260478,1,4.79,none
78,3350,260478,1,4.79,6
78,3600,260478,0,4.79,10
78,3600,260478,0,4.79,none
78,3600,260478,0,4.79,none
78,5200,260478,1,4.79,10
78,5200,260478,1,4.79,none
78,5530,260478,1,4.79,10
78,5530,260478,1,4.79,none
78,5810,260478,1,4.79,none
78,5810,260478,1,4.79,none
78,6070,260478,1,4.79,10
78,6070,260478,1,4.79,none
78,6070,260478,1,4.79,6
78,7140,260478,0,4.79,10
78,7140,260478,0,4.79,none
78,7140,260478,0,4.79,none
78,7290,260478,1,4.79,none
78,7550,260478,1,4.79,none
78,8110,260478,0,4.79,10
78,8110,260478,0,4.79,none
78,8110,260478,0,4.79,6
78,8880,260478,1,4.79,10
78,8880,260478,1,4.79,none
78,9420,260478,0,4.79,none
78,9600,260478,0,4.79,none
78,9600,260478,0,4.79,none
78,9800,260478,0,4.79,10
78,9800,260478,0,4.79,10
78,9800,260478,0,4.79,none
78,9890,260478,0,4.79,none
78,9890,260478,0,4.79,6
78,10070,260478,0,4.79,none
78,10660,260478,1,4.79,none
78,11180,260478,0,4.79,10
78,11180,260478,0,4.79,none
78,11180,260478,0,4.79,6
78,11240,260478,1,4.79,none
78,11250,260478,1,4.79,none
78,11500,260478,1,4.79,none
78,11510,260478,1,4.79,none
78,13180,260478,0,4.79,none
78,13780,260478,0,4.79,none
78,14280,260478,1,4.79,none
78,14770,260478,0,4.79,none
78,14770,260478,0,4.79,none
78,15460,260478,0,4.79,none
78,15460,260478,0,4.79,none
78,16490,260478,1,4.79,10
78,16490,260478,1,4.79,10
78,16490,260478,1,4.79,none
78,16960,260478,0,4.79,10
78,16960,260478,0,4.79,none
78,16960,260478,0,4.79,none
78,16960,260478,0,4.79,6
78,17110,260478,0,4.79,none
78,17820,260478,1,4.79,none
78,17970,260478,1,4.79,none
78,18030,260478,0,4.79,10
78,18030,260478,0,4.79,none
78,18290,260478,0,4.79,none
78,18490,260478,0,4.79,none
78,18600,260478,0,4.79,none
78,19080,260478,0,4.79,none
78,19190,260478,0,4.79,10
78,19190,260478,0,4.79,10
78,19190,260478,0,4.79,none
78,19320,260478,0,4.79,none
78,21770,260478,1,4.79,none
78,21820,260478,1,4.79,none
78,22690,260478,0,4.79,none
78,22690,260478,0,4.79,none
78,22720,260478,0,4.79,none
78,22720,260478,0,4.79,none
78,23090,260478,0,4.79,none
78,23680,260478,1,4.79,10
78,23680,260478,1,4.79,none
78,23750,260478,0,4.79,10
78,23750,260478,0,4.79,none
78,23780,260478,1,4.79,none
78,24820,260478,1,4.79,10
78,24820,260478,1,4.79,none
78,25210,260478,0,4.79,10
78,25210,260478,0,4.79,none
78,25290,260478,0,4.79,10
78,25290,260478,0,4.79,none
78,25520,260478,0,4.79,none
78,26190,260478,1,4.79,none
78,27270,260478,1,4.79,none
78,28010,260478,0,4.79,none
78,29250,260478,1,4.79,none
78,29540,260478,1,4.79,none
78,29780,260478,1,4.79,none
78,30050,260478,1,4.79,none
78,30110,260478,0,4.79,none
78,30110,260478,0,4.79,6
78,30150,260478,1,4.79,none
78,30150,260478,1,4.79,6
78,30540,260478,0,4.79,10
78,30540,260478,0,4.79,none
78,30670,260478,1,4.79,10
78,30670,260478,1,4.79,none
78,30730,260478,0,4.79,10
78,30730,260478,0,4.79,none
78,31630,260478,0,4.79,none
78,32440,260478,0,4.79,none
78,32770,260478,0,4.79,10
78,32770,260478,0,4.79,10
78,32770,260478,0,4.79,none
78,33490,260478,0,4.79,none
78,33490,260478,0,4.79,none
78,33760,260478,1,4.79,10
78,33760,260478,1,4.79,none
78,34750,260478,0,4.79,none
78,34990,260478,1,4.79,10
78,34990,260478,1,4.79,none
78,35360,260478,1,4.79,10
78,35360,260478,1,4.79,10
78,35360,260478,1,4.79,none
78,35610,260478,0,4.79,none
78,35610,260478,0,4.79,none
78,35680,260478,1,4.79,10
78,35680,260478,1,4.79,none
78,35850,260478,0,4.79,none
78,35970,260478,1,4.79,none
78,37710,260478,1,4.79,10
78,37710,260478,1,4.79,none
78,38190,260478,0,4.79,10
78,38190,260478,0,4.79,none
78,38190,260478,0,4.79,none
78,38660,260478,1,4.79,none
78,39020,260478,0,4.79,none
78,39300,260478,1,4.79,10
78,39300,260478,1,4.79,10
78,39300,260478,1,4.79,10
78,39300,260478,1,4.79,none
78,39800,260478,0,4.79,10
78,39800,260478,0,4.79,none
78,39800,260478,0,4.79,none
78,40490,260478,1,4.79,10
78,40490,260478,1,4.79,none
78,40490,260478,1,4.79,5
78,41050,260478,0,4.79,10
78,41050,260478,0,4.79,none
78,41210,260478,0,4.79,10
78,41210,260478,0,4.79,10
78,41210,260478,0,4.79,none
78,41220,260478,0,4.79,10
78,41220,260478,0,4.79,10
78,41220,260478,0,4.79,none
78,41530,260478,0,4.79,10
78,41530,260478,0,4.79,none
78,41980,260478,1,4.79,none
78,41980,260478,1,4.79,none
78,41980,260478,1,4.79,none
78,42260,260478,1,4.79,10
78,42260,260478,1,4.79,10
78,42260,260478,1,4.79,none
78,42560,260478,1,4.79,none
78,42560,260478,1,4.79,none
78,42960,260478,0,4.79,none
78,42960,260478,0,4.79,none
78,43600,260478,0,4.79,10
78,43600,260478,0,4.79,none
78,43600,260478,0,4.79,5
78,44160,260478,1,4.79,none
78,45570,260478,1,4.79,10
78,45570,260478,1,4.79,none
78,45570,260478,1,4.79,none
78,46230,260478,1,4.79,10
78,46230,260478,1,4.79,none
78,46870,260478,1,4.79,10
78,46870,260478,1,4.79,none
78,46870,260478,1,4.79,5
78,47000,260478,1,4.79,10
78,47000,260478,1,4.79,none
78,47200,260478,0,4.79,10
78,47200,260478,0,4.79,none
78,47200,260478,0,4.79,none
78,47200,260478,0,4.79,5
78,47900,260478,0,4.79,10
78,49740,260478,0,4.79,10
303,140,262179,0,3.62,none
303,3110,262179,0,3.62,none
303,3360,262179,1,3.62,none
303,3380,262179,1,3.62,none
303,3380,262179,1,3.62,none
303,4240,262179,0,3.62,none
303,5470,262179,0,3.62,none
303,5540,262179,0,3.62,10
303,5540,262179,0,3.62,none
303,6660,262179,0,3.62,none
303,6840,262179,0,3.62,none
303,7000,262179,0,3.62,none
303,7750,262179,0,3.62,none
303,8090,262179,0,3.62,none
303,8280,262179,0,3.62,none
303,9800,262179,0,3.62,10
303,9800,262179,0,3.62,none
303,9990,262179,0,3.62,none
303,10240,262179,0,3.62,none
303,10240,262179,0,3.62,6
303,10450,262179,0,3.62,none
303,11440,262179,1,3.62,none
303,12310,262179,1,3.62,none
303,12780,262179,1,3.62,none
303,13050,262179,0,3.62,none
303,13960,262179,0,3.62,none
303,15270,262179,0,3.62,none
303,15340,262179,0,3.62,none
303,15880,262179,1,3.62,none
303,15940,262179,0,3.62,none
303,16080,262179,0,3.62,none
303,16450,262179,0,3.62,none
303,16450,262179,0,3.62,none
303,16590,262179,0,3.62,none
303,18080,262179,0,3.62,none
303,18500,262179,1,3.62,none
303,18880,262179,0,3.62,none
303,19040,262179,0,3.62,none
303,19310,262179,0,3.62,none
303,19370,262179,0,3.62,10
303,19370,262179,0,3.62,none
303,19800,262179,1,3.62,none
303,19800,262179,1,3.62,none
303,20230,262179,0,3.62,none
303,21010,262179,0,3.62,none
303,21180,262179,0,3.62,none
303,21180,262179,0,3.62,6
303,21740,262179,0,3.62,none
303,21740,262179,0,3.62,none
303,21750,262179,0,3.62,none
303,21930,262179,0,3.62,none
303,21930,262179,0,3.62,6
303,21960,262179,1,3.62,none
303,21960,262179,1,3.62,none
303,21960,262179,1,3.62,6
303,22480,262179,0,3.62,none
303,22850,262179,0,3.62,none
303,22850,262179,0,3.62,none
303,23070,262179,0,3.62,none
303,23160,262179,0,3.62,none
303,24270,262179,0,3.62,none
303,25000,262179,0,3.62,none
303,25000,262179,0,3.62,none
303,25120,262179,0,3.62,none
303,25120,262179,0,3.62,none
303,26020,262179,0,3.62,none
303,26020,262179,0,3.62,none
303,26100,262179,0,3.62,none
303,26220,262179,0,3.62,none
303,26490,262179,0,3.62,none
303,27220,262179,0,3.62,none
303,27870,262179,0,3.62,none
303,28440,262179,0,3.62,10
303,28720,262179,1,3.62,none
303,28720,262179,1,3.62,none
303,30490,262179,0,3.62,none
303,30490,262179,0,3.62,none
303,30520,262179,0,3.62,none
303,32270,262179,0,3.62,10
303,32270,262179,0,3.62,none
303,33250,262179,0,3.62,none
303,33310,262179,0,3.62,none
303,33960,262179,0,3.62,none
303,34080,262179,0,3.62,none
303,34230,262179,0,3.62,none
303,37040,262179,0,3.62,none
303,39010,262179,0,3.62,none
303,39720,262179,0,3.62,none
303,40120,262179,0,3.62,none
303,40410,262179,0,3.62,5
303,40910,262179,0,3.62,10
303,41230,262179,1,3.62,10
303,41470,262179,1,3.62,10
303,41470,262179,1,3.62,10
303,41530,262179,0,3.62,10
303,41530,262179,0,3.62,none
303,42170,262179,1,3.62,none
303,43050,262179,1,3.62,none
303,43100,262179,1,3.62,none
303,44990,262179,1,3.62,none
303,46920,262179,1,3.62,10
303,46920,262179,1,3.62,none
303,46920,262179,1,3.62,6
303,46950,262179,1,3.62,none
303,46950,262179,1,3.62,6
303,48300,262179,0,3.62,none
303,49960,262179,0,3.62,none
303,50010,262179,1,3.62,10
303,51040,262179,0,3.62,none
303,51210,262179,1,3.62,none
303,51440,262179,0,3.62,none
303,52790,262179,0,3.62,none
345,240,262565,0,3.68,none
345,240,262565,0,3.68,5
345,630,262565,0,3.68,none
345,630,262565,0,3.68,5
345,650,262565,0,3.68,none
345,650,262565,0,3.68,5
345,810,262565,0,3.68,none
345,810,262565,0,3.68,5
345,950,262565,0,3.68,none
345,950,262565,0,3.68,5
345,1240,262565,0,3.68,none
345,1240,262565,0,3.68,5
345,1450,262565,0,3.68,none
345,1450,262565,0,3.68,5
345,1580,262565,0,3.68,none
345,1580,262565,0,3.68,5
345,2000,262565,0,3.68,none
345,2000,262565,0,3.68,5
345,2220,262565,0,3.68,none
345,2340,262565,0,3.68,none
345,2340,262565,0,3.68,5
345,3250,262565,0,3.68,none
345,3250,262565,0,3.68,5
345,3450,262565,0,3.68,none
345,3450,262565,0,3.68,5
345,3720,262565,0,3.68,none
345,3740,262565,0,3.68,none
345,3920,262565,0,3.68,none
345,3920,262565,0,3.68,none
345,3920,262565,0,3.68,5
345,3970,262565,0,3.68,none
345,3970,262565,0,3.68,none
345,3970,262565,0,3.68,none
345,3970,262565,0,3.68,5
345,4360,262565,0,3.68,none
345,4360,262565,0,3.68,5
345,4630,262565,0,3.68,none
345,4630,262565,0,3.68,5
345,4770,262565,0,3.68,10
345,4770,262565,0,3.68,none
345,4770,262565,0,3.68,5
345,4840,262565,0,3.68,none
345,5490,262565,0,3.68,5
345,5490,262565,0,3.68,5
345,5660,262565,0,3.68,10
345,5660,262565,0,3.68,none
345,5660,262565,0,3.68,5
345,5720,262565,0,3.68,none
345,5720,262565,0,3.68,5
345,5990,262565,0,3.68,none
345,5990,262565,0,3.68,5
345,6040,262565,0,3.68,none
345,6040,262565,0,3.68,5
345,6120,262565,0,3.68,none
345,6120,262565,0,3.68,5
345,6970,262565,0,3.68,none
345,6970,262565,0,3.68,5
345,7130,262565,0,3.68,none
345,7130,262565,0,3.68,5
345,7210,262565,0,3.68,none
345,7210,262565,0,3.68,5
345,7330,262565,0,3.68,none
345,7330,262565,0,3.68,5
345,7910,262565,0,3.68,none
345,7910,262565,0,3.68,5
345,8640,262565,0,3.68,none
345,8640,262565,0,3.68,5
345,8670,262565,0,3.68,none
345,8670,262565,0,3.68,5
345,8680,262565,0,3.68,none
345,8680,262565,0,3.68,5
345,8790,262565,0,3.68,none
345,8790,262565,0,3.68,5
345,8890,262565,0,3.68,none
345,8890,262565,0,3.68,5
345,9000,262565,0,3.68,none
345,9000,262565,0,3.68,5
345,9160,262565,0,3.68,none
345,9160,262565,0,3.68,5
345,9210,262565,0,3.68,none
345,9210,262565,0,3.68,5
345,9570,262565,0,3.68,none
345,9570,262565,0,3.68,5
345,9890,262565,0,3.68,none
345,9890,262565,0,3.68,5
345,10200,262565,0,3.68,none
345,10230,262565,0,3.68,none
345,10230,262565,0,3.68,5
345,10370,262565,0,3.68,none
345,10530,262565,0,3.68,none
345,11400,262565,1,3.68,none
376,220,263204,0,5.21,none
376,310,263204,0,5.21,none
376,1310,263204,0,5.21,none
376,1310,263204,0,5.21,none
376,1320,263204,0,5.21,none
376,1800,263204,0,5.21,none
376,4700,263204,0,5.21,none
376,4880,263204,0,5.21,none
376,5060,263204,0,5.21,none
376,5060,263204,0,5.21,6
376,5230,263204,0,5.21,none
376,6090,263204,0,5.21,none
376,7260,263204,0,5.21,10
376,7260,263204,0,5.21,none
376,7260,263204,0,5.21,none
376,7260,263204,0,5.21,6
376,7270,263204,0,5.21,10
376,7270,263204,0,5.21,none
376,7270,263204,0,5.21,none
376,7270,263204,0,5.21,6
376,7390,263204,0,5.21,none
376,7390,263204,0,5.21,none
376,7390,263204,0,5.21,6
376,7870,263204,0,5.21,10
376,7870,263204,0,5.21,none
376,7930,263204,0,5.21,none
376,8410,263204,0,5.21,none
376,8430,263204,0,5.21,none
376,9050,263204,0,5.21,none
376,9110,263204,0,5.21,10
376,9110,263204,0,5.21,none
376,9110,263204,0,5.21,6
376,9300,263204,0,5.21,none
376,9300,263204,0,5.21,none
376,9300,263204,0,5.21,6
376,9650,263204,0,5.21,none
376,9650,263204,0,5.21,none
376,9660,263204,0,5.21,none
376,9660,263204,0,5.21,none
376,10020,263204,0,5.21,none
376,10820,263204,0,5.21,none
376,12410,263204,0,5.21,none
376,13010,263204,0,5.21,none
376,13130,263204,0,5.21,none
376,13470,263204,0,5.21,none
376,13590,263204,0,5.21,none
376,13600,263204,0,5.21,none
376,14140,263204,0,5.21,none
376,14290,263204,0,5.21,7
376,14820,263204,0,5.21,none
376,15420,263204,0,5.21,none
376,15660,263204,0,5.21,none
376,15920,263204,0,5.21,none
376,15920,263204,0,5.21,none
376,16030,263204,0,5.21,none
376,16470,263204,0,5.21,none
376,16540,263204,0,5.21,none
376,16570,263204,0,5.21,none
376,17000,263204,0,5.21,none
376,17960,263204,0,5.21,none
376,19520,263204,0,5.21,none
376,19790,263204,0,5.21,10
376,19790,263204,0,5.21,none
376,20120,263204,0,5.21,none
376,20120,263204,0,5.21,5
376,20420,263204,0,5.21,10
376,20420,263204,0,5.21,none
376,20420,263204,0,5.21,5
376,20780,263204,0,5.21,10
376,20780,263204,0,5.21,5
376,20860,263204,0,5.21,10
376,20860,263204,0,5.21,5
376,21000,263204,0,5.21,10
376,21000,263204,0,5.21,none
376,21000,263204,0,5.21,5
376,21320,263204,0,5.21,10
376,21320,263204,0,5.21,none
376,21320,263204,0,5.21,5
376,21670,263204,0,5.21,none
376,23950,263204,0,5.21,none
376,25630,263204,0,5.21,10
376,25630,263204,0,5.21,none
376,25630,263204,0,5.21,5
376,25950,263204,0,5.21,10
376,25950,263204,0,5.21,none
376,25950,263204,0,5.21,5
376,25960,263204,0,5.21,10
376,25960,263204,0,5.21,none
376,25960,263204,0,5.21,5
376,26040,263204,0,5.21,10
376,26040,263204,0,5.21,none
376,26040,263204,0,5.21,5
376,26040,263204,0,5.21,5
376,26050,263204,0,5.21,10
376,26050,263204,0,5.21,none
376,26050,263204,0,5.21,5
376,26050,263204,0,5.21,5
376,26820,263204,0,5.21,6
376,27680,263204,0,5.21,10
376,27680,263204,0,5.21,none
376,27680,263204,0,5.21,none
376,27680,263204,0,5.21,5
376,27960,263204,0,5.21,5
376,28050,263204,0,5.21,none
376,28050,263204,0,5.21,5
376,28750,263204,0,5.21,none
376,28750,263204,0,5.21,none
376,28960,263204,0,5.21,none
376,29380,263204,0,5.21,10
376,30840,263204,0,5.21,none
376,31040,263204,0,5.21,none
376,31100,263204,0,5.21,5
376,33120,263204,0,5.21,none
376,34010,263204,0,5.21,10
376,34380,263204,0,5.21,5
376,34460,263204,0,5.21,none
376,34460,263204,0,5.21,none
376,34460,263204,0,5.21,5
376,35360,263204,0,5.21,6
376,35460,263204,0,5.21,6
376,35650,263204,0,5.21,none
376,35890,263204,0,5.21,10
376,35890,263204,0,5.21,10
376,35890,263204,0,5.21,none
376,35890,263204,0,5.21,none
376,35890,263204,0,5.21,none
376,36380,263204,0,5.21,none
376,36470,263204,0,5.21,none
376,36810,263204,0,5.21,none
376,36820,263204,0,5.21,none
376,36820,263204,0,5.21,none
376,36880,263204,0,5.21,none
376,36880,263204,0,5.21,none
376,37170,263204,0,5.21,none
376,37170,263204,0,5.21,6
376,37970,263204,0,5.21,none
376,38960,263204,0,5.21,none
376,39220,263204,0,5.21,none
376,39580,263204,0,5.21,none
376,39720,263204,0,5.21,none
376,39860,263204,0,5.21,none
376,40030,263204,0,5.21,none
376,40480,263204,0,5.21,10
376,40480,263204,0,5.21,none
376,40640,263204,0,5.21,none
376,41040,263204,0,5.21,none
376,41730,263204,0,5.21,none
376,41750,263204,0,5.21,none
376,41750,263204,0,5.21,none
376,42870,263204,0,5.21,none
376,43120,263204,0,5.21,none
376,43120,263204,0,5.21,5
376,43130,263204,0,5.21,10
376,43130,263204,0,5.21,none
376,43130,263204,0,5.21,none
376,43130,263204,0,5.21,5
376,43280,263204,0,5.21,none
376,44110,263204,0,5.21,none
376,44910,263204,0,5.21,10
376,44910,263204,0,5.21,none
376,44980,263204,0,5.21,none
376,45190,263204,0,5.21,none
376,45190,263204,0,5.21,6
376,46030,263204,0,5.21,none
376,47050,263204,0,5.21,none
376,47410,263204,0,5.21,none
376,47460,263204,0,5.21,none
376,47460,263204,0,5.21,none
376,47800,263204,0,5.21,none
376,47930,263204,0,5.21,none
376,49350,263204,0,5.21,none
376,49350,263204,0,5.21,none
376,49450,263204,0,5.21,10
376,49450,263204,0,5.21,none
376,49470,263204,0,5.21,none
376,49830,263204,0,5.21,none
376,49970,263204,0,5.21,none
376,49970,263204,0,5.21,none
376,50240,263204,0,5.21,none
376,51340,263204,0,5.21,none
376,51840,263204,0,5.21,none
376,52150,263204,0,5.21,none
376,52150,263204,0,5.21,none
376,52660,263204,0,5.21,none
378,860,263204,0,5.22,none
378,1030,263204,0,5.22,none
378,1330,263204,0,5.22,10
378,1330,263204,0,5.22,none
378,1360,263204,0,5.22,10
378,1360,263204,0,5.22,none
378,2640,263204,0,5.22,none
378,5110,263204,0,5.22,5
378,7260,263204,0,5.22,none
378,7260,263204,0,5.22,5
378,7790,263204,0,5.22,5
378,9660,263204,0,5.22,none
378,9980,263204,0,5.22,none
378,9980,263204,0,5.22,5
378,10310,263204,0,5.22,none
378,10320,263204,0,5.22,none
378,10840,263204,0,5.22,none
378,10840,263204,0,5.22,none
378,12620,263204,0,5.22,none
378,13110,263204,0,5.22,none
378,13110,263204,0,5.22,none
378,13110,263204,0,5.22,none
378,13740,263204,0,5.22,10
378,13740,263204,0,5.22,none
378,13740,263204,0,5.22,5
378,13800,263204,0,5.22,10
378,13800,263204,0,5.22,none
378,14130,263204,0,5.22,none
378,14130,263204,0,5.22,5
378,14540,263204,0,5.22,none
378,14540,263204,0,5.22,none
378,14540,263204,0,5.22,5
378,14680,263204,0,5.22,none
378,14680,263204,0,5.22,5
378,15090,263204,0,5.22,10
378,15090,263204,0,5.22,none
378,15090,263204,0,5.22,none
378,15090,263204,0,5.22,5
378,15200,263204,0,5.22,10
378,15200,263204,0,5.22,none
378,15200,263204,0,5.22,5
378,15450,263204,0,5.22,none
378,15450,263204,0,5.22,5
378,15790,263204,0,5.22,10
378,15790,263204,0,5.22,none
378,16410,263204,0,5.22,none
378,16410,263204,0,5.22,5
378,16680,263204,0,5.22,10
378,16710,263204,0,5.22,10
378,16810,263204,0,5.22,none
378,20150,263204,0,5.22,none
378,20480,263204,0,5.22,none
378,20480,263204,0,5.22,5
378,20540,263204,0,5.22,none
378,21430,263204,0,5.22,none
378,21430,263204,0,5.22,none
378,21430,263204,0,5.22,5
378,22150,263204,0,5.22,none
378,23920,263204,0,5.22,none
378,24940,263204,0,5.22,none
378,26260,263204,0,5.22,none
378,27000,263204,0,5.22,5
378,27870,263204,0,5.22,10
378,27870,263204,0,5.22,none
378,27870,263204,0,5.22,none
378,27870,263204,0,5.22,none
378,29290,263204,0,5.22,5
378,29370,263204,0,5.22,none
378,30180,263204,0,5.22,none
378,30920,263204,0,5.22,none
378,30920,263204,0,5.22,none
378,30920,263204,0,5.22,6
378,32940,263204,0,5.22,5
378,33460,263204,0,5.22,none
378,33500,263204,0,5.22,none
378,33710,263204,0,5.22,none
378,33960,263204,0,5.22,10
378,34900,263204,0,5.22,10
378,34900,263204,0,5.22,none
378,34900,263204,0,5.22,5
378,35530,263204,0,5.22,none
378,35820,263204,0,5.22,none
378,35890,263204,0,5.22,none
378,36090,263204,0,5.22,none
378,36150,263204,0,5.22,none
378,36190,263204,0,5.22,none
378,36270,263204,0,5.22,none
378,36350,263204,0,5.22,none
378,36890,263204,0,5.22,none
378,37570,263204,0,5.22,10
378,37570,263204,0,5.22,none
378,38080,263204,0,5.22,10
378,38080,263204,0,5.22,none
378,38080,263204,0,5.22,5
378,38180,263204,0,5.22,none
378,38180,263204,0,5.22,none
378,38180,263204,0,5.22,5
378,38640,263204,0,5.22,none
378,38640,263204,0,5.22,5
378,39230,263204,0,5.22,none
378,40490,263204,0,5.22,none
378,40780,263204,0,5.22,none
378,41290,263204,0,5.22,10
378,41800,263204,0,5.22,10
378,41800,263204,0,5.22,none
378,42520,263204,0,5.22,none
378,42520,263204,0,5.22,none
378,42950,263204,0,5.22,10
378,44810,263204,0,5.22,none
378,45690,263204,0,5.22,10
378,45690,263204,0,5.22,none
378,45690,263204,0,5.22,5
378,45800,263204,0,5.22,none
378,45800,263204,0,5.22,5
378,46750,263204,0,5.22,none
378,46750,263204,0,5.22,none
378,46830,263204,0,5.22,none
378,47010,263204,0,5.22,10
378,47010,263204,0,5.22,none
378,47010,263204,0,5.22,5
378,47500,263204,0,5.22,5
378,47800,263204,0,5.22,none
378,47970,263204,0,5.22,none
378,48130,263204,0,5.22,none
378,48250,263204,0,5.22,none
92,900,263652,0,5.16,none
92,1450,263652,0,5.16,none
92,1760,263652,0,5.16,none
92,3180,263652,0,5.16,none
92,3670,263652,0,5.16,none
92,5170,263652,0,5.16,none
92,5950,263652,0,5.16,none
92,5990,263652,0,5.16,none
92,6000,263652,0,5.16,none
92,6060,263652,0,5.16,10
92,6060,263652,0,5.16,none
92,6400,263652,0,5.16,none
92,6540,263652,0,5.16,none
92,7150,263652,0,5.16,none
92,7150,263652,0,5.16,6
92,8520,263652,0,5.16,10
92,8520,263652,0,5.16,none
92,8660,263652,0,5.16,none
92,8660,263652,0,5.16,none
92,9060,263652,0,5.16,none
92,9060,263652,0,5.16,none
92,9100,263652,0,5.16,none
92,9590,263652,0,5.16,none
92,9910,263652,0,5.16,none
92,11000,263652,0,5.16,10
92,11000,263652,0,5.16,none
92,11000,263652,0,5.16,7
92,11900,263652,0,5.16,10
92,11900,263652,0,5.16,none
92,12150,263652,0,5.16,10
92,12150,263652,0,5.16,none
92,12150,263652,0,5.16,none
92,12150,263652,0,5.16,none
92,12340,263652,0,5.16,10
92,12340,263652,0,5.16,none
92,12340,263652,0,5.16,none
92,12340,263652,0,5.16,none
92,12820,263652,0,5.16,none
92,12820,263652,0,5.16,none
92,12910,263652,0,5.16,10
92,12910,263652,0,5.16,none
92,13210,263652,0,5.16,10
92,13210,263652,0,5.16,none
92,13210,263652,0,5.16,none
92,13510,263652,0,5.16,none
92,13940,263652,0,5.16,none
92,13940,263652,0,5.16,none
92,13940,263652,0,5.16,6
92,14100,263652,0,5.16,none
92,14100,263652,0,5.16,none
92,14100,263652,0,5.16,6
92,14100,263652,0,5.16,7
92,14130,263652,0,5.16,none
92,14130,263652,0,5.16,none
92,14130,263652,0,5.16,6
92,14550,263652,0,5.16,10
92,14550,263652,0,5.16,none
92,14550,263652,0,5.16,none
92,14910,263652,0,5.16,none
92,15180,263652,0,5.16,none
92,15470,263652,0,5.16,10
92,15470,263652,0,5.16,10
92,15470,263652,0,5.16,none
92,15580,263652,0,5.16,10
92,15580,263652,0,5.16,10
92,15580,263652,0,5.16,none
92,16070,263652,0,5.16,10
92,16070,263652,0,5.16,none
92,16070,263652,0,5.16,none
92,16380,263652,0,5.16,10
92,16380,263652,0,5.16,none
92,16380,263652,0,5.16,none
92,16680,263652,0,5.16,none
92,16700,263652,0,5.16,none
92,16700,263652,0,5.16,none
92,17220,263652,0,5.16,none
92,17240,263652,0,5.16,none
92,17270,263652,0,5.16,none
92,17460,263652,0,5.16,10
92,17460,263652,0,5.16,none
92,17460,263652,0,5.16,none
92,17460,263652,0,5.16,5
92,17560,263652,0,5.16,10
92,17560,263652,0,5.16,none
92,17560,263652,0,5.16,5
92,17960,263652,0,5.16,10
92,17960,263652,0,5.16,none
92,17960,263652,0,5.16,none
92,18060,263652,0,5.16,10
92,18060,263652,0,5.16,none
92,18060,263652,0,5.16,none
92,18060,263652,0,5.16,5
92,18130,263652,0,5.16,10
92,18130,263652,0,5.16,none
92,18130,263652,0,5.16,5
92,18710,263652,0,5.16,none
92,18720,263652,0,5.16,none
92,18720,263652,0,5.16,none
92,18800,263652,0,5.16,10
92,18800,263652,0,5.16,none
92,18870,263652,0,5.16,10
92,18870,263652,0,5.16,10
92,18870,263652,0,5.16,none
92,19180,263652,0,5.16,10
92,19180,263652,0,5.16,none
92,20230,263652,0,5.16,10
92,20230,263652,0,5.16,none
92,20390,263652,0,5.16,10
92,20390,263652,0,5.16,10
92,20390,263652,0,5.16,none
92,20390,263652,0,5.16,none
92,20430,263652,0,5.16,none
92,20590,263652,0,5.16,10
92,20590,263652,0,5.16,none
92,20780,263652,0,5.16,none
92,21100,263652,0,5.16,none
92,21960,263652,0,5.16,10
92,21960,263652,0,5.16,none
92,21960,263652,0,5.16,none
92,22000,263652,0,5.16,none
92,22370,263652,0,5.16,none
92,22840,263652,0,5.16,none
92,23260,263652,0,5.16,none
92,23260,263652,0,5.16,none
92,23290,263652,0,5.16,none
92,23390,263652,0,5.16,none
92,23390,263652,0,5.16,none
92,24070,263652,0,5.16,none
92,24360,263652,0,5.16,none
92,24720,263652,0,5.16,10
92,24720,263652,0,5.16,10
92,24720,263652,0,5.16,none
92,24720,263652,0,5.16,none
92,24720,263652,0,5.16,6
92,24720,263652,0,5.16,7
92,24740,263652,0,5.16,10
92,24740,263652,0,5.16,10
92,24740,263652,0,5.16,10
92,24740,263652,0,5.16,10
92,24740,263652,0,5.16,none
92,24740,263652,0,5.16,6
92,24830,263652,0,5.16,10
92,24830,263652,0,5.16,10
92,24830,263652,0,5.16,10
92,24830,263652,0,5.16,10
92,24830,263652,0,5.16,none
92,24830,263652,0,5.16,6
92,24830,263652,0,5.16,6
92,25190,263652,0,5.16,none
92,25190,263652,0,5.16,none
92,25190,263652,0,5.16,6
92,26010,263652,0,5.16,none
92,26040,263652,0,5.16,none
92,26210,263652,0,5.16,none
92,26210,263652,0,5.16,none
92,26210,263652,0,5.16,none
92,26380,263652,0,5.16,none
92,26390,263652,0,5.16,10
92,26390,263652,0,5.16,none
92,26390,263652,0,5.16,none
92,26810,263652,0,5.16,none
92,27110,263652,0,5.16,10
92,27110,263652,0,5.16,none
92,27110,263652,0,5.16,5
92,27870,263652,0,5.16,none
92,28000,263652,0,5.16,none
92,28060,263652,0,5.16,none
92,28250,263652,0,5.16,10
92,28250,263652,0,5.16,10
92,28250,263652,0,5.16,none
92,28260,263652,0,5.16,none
92,28830,263652,0,5.16,none
92,28890,263652,0,5.16,none
92,28890,263652,0,5.16,none
92,29840,263652,0,5.16,none
92,30080,263652,0,5.16,none
92,30210,263652,0,5.16,none
92,30520,263652,0,5.16,none
92,31530,263652,0,5.16,none
92,31530,263652,0,5.16,none
92,32330,263652,0,5.16,none
92,33000,263652,0,5.16,10
92,33000,263652,0,5.16,none
92,33030,263652,0,5.16,10
92,33030,263652,0,5.16,none
92,33060,263652,0,5.16,10
92,33060,263652,0,5.16,none
92,33060,263652,0,5.16,5
92,33250,263652,0,5.16,10
92,33250,263652,0,5.16,none
92,33250,263652,0,5.16,none
92,33330,263652,0,5.16,none
92,33330,263652,0,5.16,6
92,33610,263652,0,5.16,none
92,33660,263652,0,5.16,none
92,34060,263652,0,5.16,none
92,34060,263652,0,5.16,none
92,34110,263652,0,5.16,none
92,34110,263652,0,5.16,none
92,34640,263652,0,5.16,10
92,34640,263652,0,5.16,none
92,35000,263652,0,5.16,10
92,35000,263652,0,5.16,none
92,35020,263652,0,5.16,10
92,35020,263652,0,5.16,none
92,35140,263652,0,5.16,10
92,35140,263652,0,5.16,none
92,35230,263652,0,5.16,none
403,1400,263986,0,4.62,none
403,2240,263986,0,4.62,none
403,2240,263986,0,4.62,6
403,2500,263986,0,4.62,none
403,2500,263986,0,4.62,6
403,3630,263986,0,4.62,none
403,3790,263986,0,4.62,none
403,3950,263986,0,4.62,none
403,5960,263986,0,4.62,10
403,5960,263986,0,4.62,none
403,7850,263986,1,4.62,10
403,7850,263986,1,4.62,10
403,7850,263986,1,4.62,none
403,8020,263986,0,4.62,10
403,8020,263986,0,4.62,10
403,8020,263986,0,4.62,none
403,8330,263986,0,4.62,none
403,11040,263986,0,4.62,none
403,12170,263986,1,4.62,none
403,12950,263986,0,4.62,none
403,13120,263986,0,4.62,none
403,13550,263986,1,4.62,none
403,14190,263986,0,4.62,none
403,14190,263986,0,4.62,none
403,14230,263986,0,4.62,none
403,14230,263986,0,4.62,none
403,14750,263986,1,4.62,none
403,16350,263986,0,4.62,none
403,16540,263986,0,4.62,none
403,17890,263986,0,4.62,7
403,20460,263986,1,4.62,none
403,22360,263986,1,4.62,10
403,22380,263986,1,4.62,10
403,22980,263986,0,4.62,10
403,22980,263986,0,4.62,none
403,23450,263986,0,4.62,none
403,24300,263986,1,4.62,none
403,24510,263986,0,4.62,none
403,24510,263986,0,4.62,none
403,24730,263986,0,4.62,none
403,24730,263986,0,4.62,none
403,25620,263986,0,4.62,none
403,26250,263986,0,4.62,none
403,26450,263986,0,4.62,none
403,26590,263986,1,4.62,none
403,27140,263986,0,4.62,none
403,27710,263986,0,4.62,none
403,28330,263986,0,4.62,none
403,28330,263986,0,4.62,none
403,28330,263986,0,4.62,6
403,29970,263986,0,4.62,none
430,50,264356,0,3.68,none
430,5350,264356,1,3.68,10
430,10080,264356,0,3.68,none
430,10130,264356,0,3.68,none
430,10510,264356,0,3.68,none
430,11050,264356,1,3.68,none
430,13110,264356,0,3.68,none
430,13730,264356,0,3.68,none
430,13790,264356,0,3.68,none
430,16240,264356,1,3.68,none
430,16310,264356,1,3.68,none
430,18200,264356,0,3.68,none
430,21490,264356,0,3.68,none
430,23410,264356,0,3.68,none
430,23580,264356,0,3.68,none
430,29040,264356,0,3.68,10
430,29040,264356,0,3.68,none
430,29040,264356,0,3.68,6
430,29110,264356,0,3.68,9
430,31340,264356,0,3.68,none
430,31540,264356,1,3.68,none
430,32570,264356,1,3.68,none
430,37430,264356,1,3.68,none
430,37570,264356,0,3.68,none
430,40630,264356,1,3.68,none
430,44820,264356,1,3.68,none
430,49320,264356,0,3.68,10
430,49760,264356,0,3.68,none
430,49840,264356,0,3.68,none
430,50630,264356,1,3.68,none
430,51680,264356,0,3.68,none
430,51890,264356,0,3.68,10
430,51890,264356,0,3.68,none
430,52310,264356,0,3.68,none
430,52610,264356,1,3.68,none
430,52890,264356,0,3.68,none
430,52970,264356,0,3.68,none
430,52970,264356,0,3.68,none
439,150,264585,0,3.63,none
439,250,264585,1,3.63,none
439,720,264585,0,3.63,10
439,720,264585,0,3.63,none
439,720,264585,0,3.63,5
439,840,264585,1,3.63,none
439,850,264585,1,3.63,10
439,850,264585,1,3.63,none
439,1090,264585,0,3.63,none
439,1580,264585,0,3.63,10
439,1580,264585,0,3.63,none
439,1670,264585,0,3.63,none
439,1670,264585,0,3.63,7
439,3310,264585,0,3.63,none
439,3920,264585,1,3.63,10
439,3920,264585,1,3.63,10
439,3920,264585,1,3.63,none
439,5360,264585,0,3.63,10
439,5750,264585,0,3.63,10
439,5750,264585,0,3.63,none
439,5750,264585,0,3.63,none
439,5750,264585,0,3.63,7
439,6420,264585,0,3.63,10
439,6610,264585,0,3.63,10
439,6610,264585,0,3.63,none
439,7540,264585,0,3.63,none
439,8520,264585,0,3.63,none
439,8520,264585,0,3.63,5
439,9050,264585,1,3.63,5
439,9690,264585,0,3.63,none
439,10970,264585,0,3.63,none
439,11250,264585,0,3.63,none
439,11550,264585,0,3.63,none
439,11580,264585,0,3.63,none
439,14410,264585,0,3.63,none
439,15740,264585,0,3.63,none
439,15740,264585,0,3.63,none
439,16710,264585,0,3.63,none
439,17410,264585,1,3.63,none
439,17900,264585,0,3.63,none
439,18090,264585,0,3.63,none
439,18110,264585,0,3.63,none
439,21620,264585,1,3.63,none
439,21620,264585,1,3.63,none
439,22050,264585,0,3.63,none
439,22370,264585,0,3.63,none
439,22810,264585,0,3.63,none
439,23840,264585,1,3.63,none
439,23840,264585,1,3.63,9
439,24300,264585,0,3.63,none
439,24700,264585,0,3.63,none
439,24850,264585,0,3.63,10
439,24850,264585,0,3.63,none
439,24850,264585,0,3.63,7
439,29730,264585,0,3.63,none
439,29740,264585,0,3.63,none
439,30320,264585,0,3.63,none
439,31070,264585,1,3.63,none
439,31190,264585,1,3.63,none
439,31190,264585,1,3.63,none
439,31420,264585,0,3.63,10
439,31420,264585,0,3.63,none
439,33160,264585,0,3.63,none
439,33210,264585,1,3.63,none
439,33270,264585,1,3.63,none
439,38640,264585,1,3.63,10
439,38640,264585,1,3.63,none
439,39350,264585,1,3.63,none
439,39500,264585,0,3.63,none
439,39500,264585,0,3.63,none
439,40820,264585,0,3.63,none
439,41170,264585,0,3.63,10
439,41170,264585,0,3.63,none
439,41170,264585,0,3.63,none
439,41730,264585,0,3.63,none
439,41940,264585,0,3.63,none
439,43280,264585,0,3.63,none
439,47740,264585,0,3.63,none
439,47820,264585,0,3.63,none
439,50260,264585,0,3.63,none
439,50870,264585,1,3.63,none
439,53560,264585,1,3.63,10
439,53560,264585,1,3.63,none
439,53710,264585,0,3.63,none
439,53750,264585,1,3.63,none
41,540,264774,0,4.5,none
41,750,264774,0,4.5,none
41,2300,264774,0,4.5,none
41,2420,264774,0,4.5,none
41,3610,264774,0,4.5,none
41,3610,264774,0,4.5,5
41,3610,264774,0,4.5,6
41,3850,264774,0,4.5,none
41,3850,264774,0,4.5,none
41,5870,264774,0,4.5,none
41,5870,264774,0,4.5,6
41,6200,264774,0,4.5,none
41,6230,264774,0,4.5,none
41,6480,264774,0,4.5,none
41,6840,264774,0,4.5,none
41,6840,264774,0,4.5,7
41,6870,264774,0,4.5,none
41,7360,264774,0,4.5,none
41,7440,264774,0,4.5,none
41,7440,264774,0,4.5,none
41,8700,264774,0,4.5,none
41,9100,264774,0,4.5,none
41,9100,264774,0,4.5,none
41,9100,264774,0,4.5,none
41,9220,264774,0,4.5,none
41,9220,264774,0,4.5,6
41,9270,264774,0,4.5,none
41,9270,264774,0,4.5,6
41,9900,264774,0,4.5,10
41,9900,264774,0,4.5,none
41,9900,264774,0,4.5,none
41,9980,264774,0,4.5,none
41,10160,264774,0,4.5,none
41,10510,264774,0,4.5,none
41,10510,264774,0,4.5,none
41,10850,264774,0,4.5,none
41,12510,264774,0,4.5,none
41,12510,264774,0,4.5,6
41,12860,264774,0,4.5,none
41,15350,264774,0,4.5,none
41,16990,264774,0,4.5,none
41,17480,264774,0,4.5,none
41,18390,264774,0,4.5,none
41,19060,264774,0,4.5,none
41,19390,264774,0,4.5,none
41,19560,264774,0,4.5,none
41,19670,264774,0,4.5,none
41,20080,264774,0,4.5,none
41,20740,264774,0,4.5,none
41,20800,264774,0,4.5,none
41,21090,264774,0,4.5,none
41,21090,264774,0,4.5,6
41,21200,264774,0,4.5,none
41,21250,264774,0,4.5,none
41,22180,264774,0,4.5,none
41,22180,264774,0,4.5,none
41,22360,264774,0,4.5,none
41,23590,264774,0,4.5,none
41,24210,264774,0,4.5,none
41,24350,264774,0,4.5,none
41,24580,264774,0,4.5,none
41,24660,264774,0,4.5,none
41,24660,264774,0,4.5,none
41,24800,264774,0,4.5,none
41,25180,264774,0,4.5,none
41,25180,264774,0,4.5,5
41,25220,264774,0,4.5,none
41,25710,264774,0,4.5,none
41,25710,264774,0,4.5,6
41,25770,264774,0,4.5,10
41,25770,264774,0,4.5,none
41,25770,264774,0,4.5,6
41,25860,264774,0,4.5,10
41,25860,264774,0,4.5,none
41,26140,264774,0,4.5,none
41,26140,264774,0,4.5,6
41,26190,264774,0,4.5,none
41,26190,264774,0,4.5,none
41,26190,264774,0,4.5,6
41,26700,264774,0,4.5,none
41,29080,264774,0,4.5,none
41,30210,264774,0,4.5,none
41,30210,264774,0,4.5,6
41,30690,264774,0,4.5,none
41,31020,264774,0,4.5,none
41,31020,264774,0,4.5,6
41,31140,264774,0,4.5,none
41,32150,264774,0,4.5,none
41,32380,264774,0,4.5,none
41,32380,264774,0,4.5,6
41,34650,264774,0,4.5,none
41,35210,264774,0,4.5,none
41,35780,264774,0,4.5,none
41,36230,264774,0,4.5,10
41,36230,264774,0,4.5,none
41,36230,264774,0,4.5,6
41,36460,264774,0,4.5,none
41,37140,264774,0,4.5,none
41,37380,264774,0,4.5,none
41,37380,264774,0,4.5,6
41,37600,264774,0,4.5,none
41,37740,264774,0,4.5,none
41,37740,264774,0,4.5,6
41,37750,264774,0,4.5,none
41,37840,264774,0,4.5,none
41,37840,264774,0,4.5,none
41,37840,264774,0,4.5,6
41,38040,264774,0,4.5,none
41,38040,264774,0,4.5,none
41,39090,264774,0,4.5,none
41,39090,264774,0,4.5,none
41,39090,264774,0,4.5,none
41,39090,264774,0,4.5,none
41,40340,264774,0,4.5,none
41,40340,264774,0,4.5,6
41,40700,264774,0,4.5,10
41,40700,264774,0,4.5,none
41,40700,264774,0,4.5,none
41,40700,264774,0,4.5,6
41,40930,264774,0,4.5,10
41,40930,264774,0,4.5,none
41,40930,264774,0,4.5,none
41,40950,264774,0,4.5,10
41,40950,264774,0,4.5,10
41,40950,264774,0,4.5,none
41,40950,264774,0,4.5,none
41,41000,264774,0,4.5,none
41,41000,264774,0,4.5,none
41,41620,264774,0,4.5,none
41,41790,264774,0,4.5,none
41,41860,264774,0,4.5,none
