id,video_id,video_path,birthday,recording_date,age
254922,345,quantex_at_home_id254922_2022_04_12_01.MP4,2016-05-28,2022-04-12,5.87
254922,320,quantex_at_home_id254922_2022_04_19_01.MP4,2016-05-28,2022-04-19,5.89
254922,365,quantex_at_home_id254922_2022_04_21_01.MP4,2016-05-28,2022-04-21,5.9
254922,394,quantex_at_home_id254922_2022_05_21_02.MP4,2016-05-28,2022-05-21,5.98
254922,439,quantex_at_home_id254922_2022_05_21_01.MP4,2016-05-28,2022-05-21,5.98
255237,347,quantex_at_home_id255237_2022_05_08_02.MP4,2016-06-12,2022-05-08,5.9
255237,354,quantex_at_home_id255237_2022_05_08_01.MP4,2016-06-12,2022-05-08,5.9
255237,417,quantex_at_home_id255237_2022_05_08_04.MP4,2016-06-12,2022-05-08,5.9
255237,433,quantex_at_home_id255237_2022_05_08_03.MP4,2016-06-12,2022-05-08,5.9
255237,307,quantex_at_home_id255237_2022_05_26_02.MP4,2016-06-12,2022-05-26,5.95
255237,407,quantex_at_home_id255237_2022_05_26_01.MP4,2016-06-12,2022-05-26,5.95
255695,355,quantex_at_home_id255695_2022_02_12_02.MP4,2017-01-21,2022-02-12,5.06
255695,372,quantex_at_home_id255695_2022_02_12_01.MP4,2017-01-21,2022-02-12,5.06
255695,335,quantex_at_home_id255695_2022_02_21_02.MP4,2017-01-21,2022-02-21,5.08
255695,449,quantex_at_home_id255695_2022_02_26_01.MP4,2017-01-21,2022-02-26,5.1
255706,346,quantex_at_home_id255706_2022_04_15_01.MP4,2016-07-29,2022-04-15,5.71
255706,312,quantex_at_home_id255706_2022_04_16_01.MP4,2016-07-29,2022-04-16,5.71
255944,380,quantex_at_home_id255944_2022_03_07_01.MP4,2016-04-24,2022-03-07,5.87
255944,336,quantex_at_home_id255944_2022_03_10_01.MP4,2016-04-24,2022-03-10,5.88
255944,431,quantex_at_home_id255944_2022_03_22_01.MP4,2016-04-24,2022-03-22,5.91
255944,331,quantex_at_home_id255944_2022_03_25_02.MP4,2016-04-24,2022-03-25,5.92
255944,343,quantex_at_home_id255944_2022_03_26_01.MP4,2016-04-24,2022-03-26,5.92
256354,332,quantex_at_home_id256354_2021_08_14_02.MP4,2016-08-08,2021-08-14,5.02
256354,401,quantex_at_home_id256354_2021_08_14_01.MP4,2016-08-08,2021-08-14,5.02
256354,311,quantex_at_home_id256354_2021_08_17_03.MP4,2016-08-08,2021-08-17,5.02
256354,385,quantex_at_home_id256354_2021_08_17_02.MP4,2016-08-08,2021-08-17,5.02
256354,442,quantex_at_home_id256354_2021_08_17_04.MP4,2016-08-08,2021-08-17,5.02
256461,152,quantex_at_home_id256461_2021_10_29_02.MP4,2017-04-16,2021-10-29,4.54
256461,237,quantex_at_home_id256461_2021_10_29_01.MP4,2017-04-16,2021-10-29,4.54
256461,182,quantex_at_home_id256461_2021_10_31_01.MP4,2017-04-16,2021-10-31,4.54
256461,195,quantex_at_home_id256461_2021_10_31_02.MP4,2017-04-16,2021-10-31,4.54
256461,204,quantex_at_home_id256461_2021_10_31_04.MP4,2017-04-16,2021-10-31,4.54
256461,209,quantex_at_home_id256461_2021_10_31_03.MP4,2017-04-16,2021-10-31,4.54
256461,256,quantex_at_home_id256461_2021_11_02_02.MP4,2017-04-16,2021-11-02,4.55
256461,260,quantex_at_home_id256461_2021_11_02_01.MP4,2017-04-16,2021-11-02,4.55
257108,278,quantex_at_home_id257108_2021_06_18_01.MP4,2017-03-17,2021-06-18,4.25
257147,157,quantex_at_home_id257147_2021_10_31_02.MP4,2017-04-21,2021-10-31,4.53
257147,166,quantex_at_home_id257147_2021_10_31_04.MP4,2017-04-21,2021-10-31,4.53
257147,167,quantex_at_home_id257147_2021_10_31_05.MP4,2017-04-21,2021-10-31,4.53
257147,226,quantex_at_home_id257147_2021_10_31_06.MP4,2017-04-21,2021-10-31,4.53
257147,236,quantex_at_home_id257147_2021_10_31_01.MP4,2017-04-21,2021-10-31,4.53
257147,257,quantex_at_home_id257147_2021_10_31_03.MP4,2017-04-21,2021-10-31,4.53
257147,220,quantex_at_home_id257147_2021_11_01_01.MP4,2017-04-21,2021-11-01,4.53
257291,383,quantex_at_home_id257291_2022_03_19_01.MP4,2017-02-24,2022-03-19,5.06
257291,386,quantex_at_home_id257291_2022_03_19_02.MP4,2017-02-24,2022-03-19,5.06
257291,350,quantex_at_home_id257291_2022_03_22_02.MP4,2017-02-24,2022-03-22,5.07
257291,353,quantex_at_home_id257291_2022_03_22_01.MP4,2017-02-24,2022-03-22,5.07
257291,430,quantex_at_home_id257291_2022_03_22_03.MP4,2017-02-24,2022-03-22,5.07
257492,202,quantex_at_home_id257492_2021_12_05_03.MP4,2017-04-20,2021-12-05,4.63
257492,218,quantex_at_home_id257492_2021_12_05_02.MP4,2017-04-20,2021-12-05,4.63
257492,219,quantex_at_home_id257492_2021_12_05_01.MP4,2017-04-20,2021-12-05,4.63
257492,250,quantex_at_home_id257492_2021_12_09_01.MP4,2017-04-20,2021-12-09,4.64
257492,283,quantex_at_home_id257492_2021_12_09_02.MP4,2017-04-20,2021-12-09,4.64
257511,18,quantex_at_home_id257511_2021_07_06_01.MP4,2017-09-12,2021-07-06,3.81
257511,94,quantex_at_home_id257511_2021_07_06_02.MP4,2017-09-12,2021-07-06,3.81
257511,48,quantex_at_home_id257511_2021_07_12_01.MP4,2017-09-12,2021-07-12,3.83
257511,84,quantex_at_home_id257511_2021_07_12_02.MP4,2017-09-12,2021-07-12,3.83
257511,54,quantex_at_home_id257511_2021_07_13_01.MP4,2017-09-12,2021-07-13,3.83
257573,217,quantex_at_home_id257573_2021_03_30_01.MP4,2017-02-23,2021-03-30,4.1
257573,162,quantex_at_home_id257573_2021_03_31_01.MP4,2017-02-23,2021-03-31,4.1
257573,242,quantex_at_home_id257573_2021_04_02_01.MP4,2017-02-23,2021-04-02,4.1
257578,163,quantex_at_home_id257578_2021_05_12_03.MP4,2017-04-28,2021-05-12,4.04
257578,230,quantex_at_home_id257578_2021_05_12_01.MP4,2017-04-28,2021-05-12,4.04
257578,231,quantex_at_home_id257578_2021_05_12_04.MP4,2017-04-28,2021-05-12,4.04
257578,248,quantex_at_home_id257578_2021_05_12_05.MP4,2017-04-28,2021-05-12,4.04
257578,265,quantex_at_home_id257578_2021_05_12_06.MP4,2017-04-28,2021-05-12,4.04
257578,272,quantex_at_home_id257578_2021_05_12_02.MP4,2017-04-28,2021-05-12,4.04
257578,185,quantex_at_home_id257578_2021_05_16_03.MP4,2017-04-28,2021-05-16,4.05
257578,216,quantex_at_home_id257578_2021_05_16_01.MP4,2017-04-28,2021-05-16,4.05
257578,258,quantex_at_home_id257578_2021_05_16_02.MP4,2017-04-28,2021-05-16,4.05
257578,298,quantex_at_home_id257578_2021_05_16_04.MP4,2017-04-28,2021-05-16,4.05
257608,168,quantex_at_home_id257608_2021_11_12_01.MP4,2017-04-17,2021-11-12,4.57
257608,178,quantex_at_home_id257608_2021_12_19_03.MP4,2017-04-17,2021-12-19,4.67
257608,264,quantex_at_home_id257608_2021_12_19_05.MP4,2017-04-17,2021-12-19,4.67
257608,271,quantex_at_home_id257608_2021_12_19_04.MP4,2017-04-17,2021-12-19,4.67
257608,282,quantex_at_home_id257608_2021_12_19_06.MP4,2017-04-17,2021-12-19,4.67
257608,294,quantex_at_home_id257608_2021_12_19_02.MP4,2017-04-17,2021-12-19,4.67
257608,299,quantex_at_home_id257608_2021_12_19_01.MP4,2017-04-17,2021-12-19,4.67
257608,164,quantex_at_home_id257608_2021_12_20_06.MP4,2017-04-17,2021-12-20,4.68
257608,184,quantex_at_home_id257608_2021_12_20_02.MP4,2017-04-17,2021-12-20,4.68
257608,194,quantex_at_home_id257608_2021_12_20_03.MP4,2017-04-17,2021-12-20,4.68
257608,210,quantex_at_home_id257608_2021_12_20_01.MP4,2017-04-17,2021-12-20,4.68
257608,235,quantex_at_home_id257608_2021_12_20_05.MP4,2017-04-17,2021-12-20,4.68
257608,274,quantex_at_home_id257608_2021_12_20_04.MP4,2017-04-17,2021-12-20,4.68
257609,349,quantex_at_home_id257609_2022_11_08_03.MP4,2017-02-20,2022-11-08,5.71
257609,363,quantex_at_home_id257609_2022_11_08_02.MP4,2017-02-20,2022-11-08,5.71
257609,371,quantex_at_home_id257609_2022_11_08_04.MP4,2017-02-20,2022-11-08,5.71
257609,425,quantex_at_home_id257609_2022_11_08_05.MP4,2017-02-20,2022-11-08,5.71
257609,340,quantex_at_home_id257609_2022_11_09_02.MP4,2017-02-20,2022-11-09,5.72
257609,358,quantex_at_home_id257609_2022_11_09_01.MP4,2017-02-20,2022-11-09,5.72
258192,169,quantex_at_home_id258192_2021_11_05_02.MP4,2017-05-26,2021-11-05,4.45
258192,205,quantex_at_home_id258192_2021_11_05_01.MP4,2017-05-26,2021-11-05,4.45
258192,170,quantex_at_home_id258192_2021_11_07_01.MP4,2017-05-26,2021-11-07,4.45
258192,254,quantex_at_home_id258192_2021_11_09_01.MP4,2017-05-26,2021-11-09,4.46
258192,191,quantex_at_home_id258192_2021_11_13_02.MP4,2017-05-26,2021-11-13,4.47
258192,193,quantex_at_home_id258192_2021_11_13_01.MP4,2017-05-26,2021-11-13,4.47
258274,452,quantex_at_home_id258274_2023_03_09_01.MP4,2017-08-08,2023-03-09,5.58
258274,316,quantex_at_home_id258274_2023_03_10_01.MP4,2017-08-08,2023-03-10,5.59
258274,448,quantex_at_home_id258274_2023_03_10_02.MP4,2017-08-08,2023-03-10,5.59
258274,424,quantex_at_home_id258274_2023_03_20_01.MP4,2017-08-08,2023-03-20,5.61
258274,444,quantex_at_home_id258274_2023_03_20_02.MP4,2017-08-08,2023-03-20,5.61
258274,309,quantex_at_home_id258274_2023_03_21_01.MP4,2017-08-08,2023-03-21,5.62
258274,377,quantex_at_home_id258274_2023_03_21_02.MP4,2017-08-08,2023-03-21,5.62
258309,351,quantex_at_home_id258309_2023_03_09_03.MP4,2017-05-16,2023-03-09,5.81
258309,378,quantex_at_home_id258309_2023_03_09_01.MP4,2017-05-16,2023-03-09,5.81
258309,421,quantex_at_home_id258309_2023_03_09_02.MP4,2017-05-16,2023-03-09,5.81
258309,318,quantex_at_home_id258309_2023_03_11_02.MP4,2017-05-16,2023-03-11,5.82
258309,370,quantex_at_home_id258309_2023_03_11_03.MP4,2017-05-16,2023-03-11,5.82
258309,398,quantex_at_home_id258309_2023_03_11_01.MP4,2017-05-16,2023-03-11,5.82
258309,446,quantex_at_home_id258309_2023_03_11_05.MP4,2017-05-16,2023-03-11,5.82
258309,334,quantex_at_home_id258309_2023_03_12_01.MP4,2017-05-16,2023-03-12,5.82
258309,426,quantex_at_home_id258309_2024_03_11_04.MP4,2017-05-16,2024-03-11,6.82
258541,348,quantex_at_home_id258541_2023_03_24_01.MP4,2017-05-14,2023-03-24,5.86
258541,429,quantex_at_home_id258541_2023_03_24_02.MP4,2017-05-14,2023-03-24,5.86
258541,305,quantex_at_home_id258541_2023_03_26_01.MP4,2017-05-14,2023-03-26,5.86
258541,313,quantex_at_home_id258541_2023_03_26_02.MP4,2017-05-14,2023-03-26,5.86
258541,408,quantex_at_home_id258541_2023_03_26_03.MP4,2017-05-14,2023-03-26,5.86
258541,395,quantex_at_home_id258541_2023_03_28_01.MP4,2017-05-14,2023-03-28,5.87
258541,402,quantex_at_home_id258541_2023_03_29_01.MP4,2017-05-14,2023-03-29,5.87
258704,292,quantex_at_home_id258704_2022_05_04_01.MP4,2017-07-23,2022-05-04,4.78
258704,188,quantex_at_home_id258704_2022_05_07_01.MP4,2017-07-23,2022-05-07,4.79
258704,198,quantex_at_home_id258704_2022_05_07_04.MP4,2017-07-23,2022-05-07,4.79
258704,234,quantex_at_home_id258704_2022_05_07_02.MP4,2017-07-23,2022-05-07,4.79
258704,246,quantex_at_home_id258704_2022_05_07_03.MP4,2017-07-23,2022-05-07,4.79
258704,225,quantex_at_home_id258704_2022_05_10_02.MP4,2017-07-23,2022-05-10,4.8
258704,276,quantex_at_home_id258704_2022_05_10_01.MP4,2017-07-23,2022-05-10,4.8
258704,208,quantex_at_home_id258704_2022_05_12_01.MP4,2017-07-23,2022-05-12,4.8
258704,153,quantex_at_home_id258704_2022_05_14_02.MP4,2017-07-23,2022-05-14,4.81
258704,156,quantex_at_home_id258704_2022_05_14_01.MP4,2017-07-23,2022-05-14,4.81
258704,277,quantex_at_home_id258704_2022_05_15_01.MP4,2017-07-23,2022-05-15,4.81
258704,214,quantex_at_home_id258704_2022_05_17_01.MP4,2017-07-23,2022-05-17,4.82
258704,243,quantex_at_home_id258704_2022_05_17_03.MP4,2017-07-23,2022-05-17,4.82
258704,251,quantex_at_home_id258704_2022_05_17_02.MP4,2017-07-23,2022-05-17,4.82
258704,285,quantex_at_home_id258704_2022_05_24_01.MP4,2017-07-23,2022-05-24,4.84
258704,155,quantex_at_home_id258704_2022_05_29_01.MP4,2017-07-23,2022-05-29,4.85
258827,352,quantex_at_home_id258827_2023_04_04_01.MP4,2017-06-24,2023-04-04,5.78
258827,303,quantex_at_home_id258827_2023_04_06_01.MP4,2017-06-24,2023-04-06,5.78
258827,308,quantex_at_home_id258827_2023_04_06_02.MP4,2017-06-24,2023-04-06,5.78
258827,381,quantex_at_home_id258827_2023_04_06_03.MP4,2017-06-24,2023-04-06,5.78
258827,304,quantex_at_home_id258827_2023_04_11_02.MP4,2017-06-24,2023-04-11,5.8
258827,361,quantex_at_home_id258827_2023_04_11_01.MP4,2017-06-24,2023-04-11,5.8
260106,174,quantex_at_home_id260106_2022_11_13_01.MP4,2018-04-03,2022-11-13,4.61
260106,221,quantex_at_home_id260106_2022_11_13_02.MP4,2018-04-03,2022-11-13,4.61
260106,270,quantex_at_home_id260106_2022_11_13_03.MP4,2018-04-03,2022-11-13,4.61
260106,275,quantex_at_home_id260106_2022_11_13_04.MP4,2018-04-03,2022-11-13,4.61
260120,356,quantex_at_home_id260120_2023_09_04_02.MP4,2018-05-07,2023-09-04,5.33
260120,366,quantex_at_home_id260120_2023_09_04_01.MP4,2018-05-07,2023-09-04,5.33
260120,317,quantex_at_home_id260120_2023_09_06_01.MP4,2018-05-07,2023-09-06,5.33
260120,330,quantex_at_home_id260120_2023_09_06_02.MP4,2018-05-07,2023-09-06,5.33
260120,322,quantex_at_home_id260120_2023_09_18_02.MP4,2018-05-07,2023-09-18,5.37
260120,388,quantex_at_home_id260120_2023_09_18_01.MP4,2018-05-07,2023-09-18,5.37
260123,376,quantex_at_home_id260123_2023_08_31_02.MP4,2017-12-14,2023-08-31,5.71
260123,451,quantex_at_home_id260123_2023_08_31_01.MP4,2017-12-14,2023-08-31,5.71
260123,405,quantex_at_home_id260123_2023_09_04_01.MP4,2017-12-14,2023-09-04,5.72
260123,323,quantex_at_home_id260123_2023_09_06_02.MP4,2017-12-14,2023-09-06,5.73
260176,159,quantex_at_home_id260176_2022_11_05_01.MP4,2018-01-26,2022-11-05,4.77
260176,255,quantex_at_home_id260176_2022_11_05_02.MP4,2018-01-26,2022-11-05,4.77
260176,267,quantex_at_home_id260176_2022_11_06_02.MP4,2018-01-26,2022-11-06,4.78
260176,290,quantex_at_home_id260176_2022_11_06_01.MP4,2018-01-26,2022-11-06,4.78
260176,176,quantex_at_home_id260176_2022_11_13_01.MP4,2018-01-26,2022-11-13,4.8
260176,196,quantex_at_home_id260176_2022_11_13_02.MP4,2018-01-26,2022-11-13,4.8
260176,241,quantex_at_home_id260176_2022_11_13_03.MP4,2018-01-26,2022-11-13,4.8
260178,389,quantex_at_home_id260178_2023_08_12_01.MP4,2017-11-10,2023-08-12,5.75
260178,419,quantex_at_home_id260178_2023_08_12_03.MP4,2017-11-10,2023-08-12,5.75
260178,445,quantex_at_home_id260178_2023_08_12_02.MP4,2017-11-10,2023-08-12,5.75
260178,409,quantex_at_home_id260178_2023_08_13_01.MP4,2017-11-10,2023-08-13,5.75
260275,144,quantex_at_home_id260275_2022_04_12_01.MP4,2018-06-01,2022-04-12,3.86
260275,89,quantex_at_home_id260275_2022_04_16_01.MP4,2018-06-01,2022-04-16,3.87
260275,128,quantex_at_home_id260275_2022_04_28_01.MP4,2018-06-01,2022-04-28,3.91
260478,179,quantex_at_home_id260478_2022_11_05_02.MP4,2018-01-20,2022-11-05,4.79
260478,245,quantex_at_home_id260478_2022_11_05_01.MP4,2018-01-20,2022-11-05,4.79
260539,23,quantex_at_home_id260539_2021_10_30_06.MP4,2017-12-14,2021-10-30,3.88
260539,52,quantex_at_home_id260539_2021_10_30_04.MP4,2017-12-14,2021-10-30,3.88
260539,59,quantex_at_home_id260539_2021_10_30_05.MP4,2017-12-14,2021-10-30,3.88
260539,60,quantex_at_home_id260539_2021_10_30_01.MP4,2017-12-14,2021-10-30,3.88
260539,113,quantex_at_home_id260539_2021_10_30_03.MP4,2017-12-14,2021-10-30,3.88
260539,115,quantex_at_home_id260539_2021_10_30_07.MP4,2017-12-14,2021-10-30,3.88
260539,127,quantex_at_home_id260539_2021_10_30_08.MP4,2017-12-14,2021-10-30,3.88
260694,64,quantex_at_home_id260694_2022_04_12_01.MP4,2018-05-11,2022-04-12,3.92
260772,203,quantex_at_home_id260772_2022_08_17_01.MP4,2017-12-03,2022-08-17,4.7
260772,192,quantex_at_home_id260772_2022_08_23_01.MP4,2017-12-03,2022-08-23,4.72
260772,280,quantex_at_home_id260772_2022_08_23_02.MP4,2017-12-03,2022-08-23,4.72
260772,224,quantex_at_home_id260772_2022_10_02_01.MP4,2017-12-03,2022-10-02,4.83
261609,324,quantex_at_home_id261609_2022_04_01_09.MP4,2016-07-08,2022-04-01,5.73
261609,367,quantex_at_home_id261609_2022_04_01_06.MP4,2016-07-08,2022-04-01,5.73
261609,373,quantex_at_home_id261609_2022_04_01_05.MP4,2016-07-08,2022-04-01,5.73
261609,390,quantex_at_home_id261609_2022_04_01_01.MP4,2016-07-08,2022-04-01,5.73
261609,403,quantex_at_home_id261609_2022_04_01_04.MP4,2016-07-08,2022-04-01,5.73
261609,404,quantex_at_home_id261609_2022_04_01_08.MP4,2016-07-08,2022-04-01,5.73
261609,406,quantex_at_home_id261609_2022_04_01_03.MP4,2016-07-08,2022-04-01,5.73
261609,416,quantex_at_home_id261609_2022_04_01_02.MP4,2016-07-08,2022-04-01,5.73
261609,440,quantex_at_home_id261609_2022_04_15_02.MP4,2016-07-08,2022-04-15,5.77
261610,49,quantex_at_home_id261610_2022_04_01_04.MP4,2018-04-18,2022-04-01,3.95
261610,56,quantex_at_home_id261610_2022_04_01_03.MP4,2018-04-18,2022-04-01,3.95
261610,75,quantex_at_home_id261610_2022_04_01_02.MP4,2018-04-18,2022-04-01,3.95
261610,118,quantex_at_home_id261610_2022_04_01_01.MP4,2018-04-18,2022-04-01,3.95
261610,129,quantex_at_home_id261610_2022_04_01_05.MP4,2018-04-18,2022-04-01,3.95
261610,150,quantex_at_home_id261610_2022_04_01_06.MP4,2018-04-18,2022-04-01,3.95
261610,29,quantex_at_home_id261610_2022_04_15_01.MP4,2018-04-18,2022-04-15,3.99
262179,67,quantex_at_home_id262179_2023_01_22_04.MP4,2019-06-07,2023-01-22,3.63
262179,73,quantex_at_home_id262179_2023_01_22_01.MP4,2019-06-07,2023-01-22,3.63
262179,124,quantex_at_home_id262179_2023_01_22_02.MP4,2019-06-07,2023-01-22,3.63
262179,143,quantex_at_home_id262179_2023_01_22_05.MP4,2019-06-07,2023-01-22,3.63
262179,149,quantex_at_home_id262179_2023_01_22_03.MP4,2019-06-07,2023-01-22,3.63
262200,369,quantex_at_home_id262200_2024_12_08_05.MP4,2019-09-06,2024-12-08,5.26
262200,375,quantex_at_home_id262200_2024_12_08_01.MP4,2019-09-06,2024-12-08,5.26
262200,396,quantex_at_home_id262200_2024_12_08_04.MP4,2019-09-06,2024-12-08,5.26
262200,413,quantex_at_home_id262200_2024_12_08_03.MP4,2019-09-06,2024-12-08,5.26
262200,447,quantex_at_home_id262200_2024_12_08_02.MP4,2019-09-06,2024-12-08,5.26
262208,2,quantex_at_home_id262208_2022_11_05_03.MP4,2019-08-23,2022-11-05,3.2
262208,41,quantex_at_home_id262208_2022_11_05_02.MP4,2019-08-23,2022-11-05,3.2
262208,51,quantex_at_home_id262208_2022_11_05_04.MP4,2019-08-23,2022-11-05,3.2
262208,130,quantex_at_home_id262208_2022_11_05_01.MP4,2019-08-23,2022-11-05,3.2
262246,1,quantex_at_home_id262246_2023_06_26_02.MP4,2019-09-06,2023-06-26,3.8
262246,53,quantex_at_home_id262246_2023_06_26_01.MP4,2019-09-06,2023-06-26,3.8
262246,4,quantex_at_home_id262246_2023_08_26_01.MP4,2019-09-06,2023-08-26,3.97
262246,24,quantex_at_home_id262246_2023_08_26_02.MP4,2019-09-06,2023-08-26,3.97
262246,137,quantex_at_home_id262246_2023_08_26_03.MP4,2019-09-06,2023-08-26,3.97
262246,50,quantex_at_home_id262246_2023_09_16_03.MP4,2019-09-06,2023-09-16,4.03
262246,58,quantex_at_home_id262246_2023_09_16_04.MP4,2019-09-06,2023-09-16,4.03
262246,68,quantex_at_home_id262246_2023_09_16_01.MP4,2019-09-06,2023-09-16,4.03
262333,400,quantex_at_home_id262333_2024_11_21_01.MP4,2019-05-25,2024-11-21,5.49
262333,325,quantex_at_home_id262333_2024_12_01_02.MP4,2019-05-25,2024-12-01,5.52
262333,411,quantex_at_home_id262333_2024_12_01_03.MP4,2019-05-25,2024-12-01,5.52
262333,432,quantex_at_home_id262333_2024_12_01_04.MP4,2019-05-25,2024-12-01,5.52
262333,450,quantex_at_home_id262333_2024_12_01_05.MP4,2019-05-25,2024-12-01,5.52
262356,244,quantex_at_home_id262356_2023_09_10_03.MP4,2019-06-07,2023-09-10,4.26
262356,262,quantex_at_home_id262356_2023_09_10_02.MP4,2019-06-07,2023-09-10,4.26
262356,269,quantex_at_home_id262356_2023_09_10_01.MP4,2019-06-07,2023-09-10,4.26
262356,273,quantex_at_home_id262356_2023_09_10_04.MP4,2019-06-07,2023-09-10,4.26
262356,284,quantex_at_home_id262356_2023_09_10_05.MP4,2019-06-07,2023-09-10,4.26
262565,65,quantex_at_home_id262565_2022_05_08_04.MP4,2018-09-03,2022-05-08,3.68
262565,69,quantex_at_home_id262565_2022_05_08_01.MP4,2018-09-03,2022-05-08,3.68
262565,82,quantex_at_home_id262565_2022_05_08_03.MP4,2018-09-03,2022-05-08,3.68
262565,125,quantex_at_home_id262565_2022_05_08_02.MP4,2018-09-03,2022-05-08,3.68
262565,26,quantex_at_home_id262565_2022_05_26_02.MP4,2018-09-03,2022-05-26,3.73
262565,109,quantex_at_home_id262565_2022_05_26_01.MP4,2018-09-03,2022-05-26,3.73
262565,117,quantex_at_home_id262565_2022_05_26_03.MP4,2018-09-03,2022-05-26,3.73
262691,92,quantex_at_home_id262691_2022_02_25_01.MP4,2019-01-17,2022-02-25,3.11
262691,46,quantex_at_home_id262691_2022_02_28_01.MP4,2019-01-17,2022-02-28,3.12
262691,126,quantex_at_home_id262691_2022_03_05_01.MP4,2019-01-17,2022-03-05,3.13
262691,9,quantex_at_home_id262691_2022_03_19_01.MP4,2019-01-17,2022-03-19,3.17
262691,78,quantex_at_home_id262691_2022_03_19_02.MP4,2019-01-17,2022-03-19,3.17
262726,186,quantex_at_home_id262726_2023_03_24_02.MP4,2018-12-02,2023-03-24,4.31
262726,238,quantex_at_home_id262726_2023_03_24_01.MP4,2018-12-02,2023-03-24,4.31
262726,158,quantex_at_home_id262726_2023_03_26_03.MP4,2018-12-02,2023-03-26,4.31
262726,268,quantex_at_home_id262726_2023_03_26_01.MP4,2018-12-02,2023-03-26,4.31
262726,296,quantex_at_home_id262726_2023_03_26_02.MP4,2018-12-02,2023-03-26,4.31
262726,253,quantex_at_home_id262726_2023_03_28_01.MP4,2018-12-02,2023-03-28,4.32
262726,247,quantex_at_home_id262726_2023_03_29_01.MP4,2018-12-02,2023-03-29,4.32
262726,266,quantex_at_home_id262726_2023_04_14_01.MP4,2018-12-02,2023-04-14,4.36
262726,291,quantex_at_home_id262726_2023_04_14_02.MP4,2018-12-02,2023-04-14,4.36
262726,228,quantex_at_home_id262726_2023_04_15_01.MP4,2018-12-02,2023-04-15,4.37
262726,261,quantex_at_home_id262726_2023_04_15_02.MP4,2018-12-02,2023-04-15,4.37
262726,206,quantex_at_home_id262726_2023_04_20_01.MP4,2018-12-02,2023-04-20,4.38
262748,81,quantex_at_home_id262748_2023_09_18_03.MP4,2019-10-12,2023-09-18,3.93
262748,135,quantex_at_home_id262748_2023_09_18_04.MP4,2019-10-12,2023-09-18,3.93
262748,97,quantex_at_home_id262748_2023_09_22_01.MP4,2019-10-12,2023-09-22,3.95
262748,133,quantex_at_home_id262748_2023_09_22_02.MP4,2019-10-12,2023-09-22,3.95
262758,183,quantex_at_home_id262758_2023_07_10_01.MP4,2018-12-02,2023-07-10,4.6
262758,212,quantex_at_home_id262758_2023_07_13_01.MP4,2018-12-02,2023-07-13,4.61
263190,6,quantex_at_home_id263190_2022_08_14_03.MP4,2018-11-21,2022-08-14,3.73
263190,12,quantex_at_home_id263190_2022_08_14_02.MP4,2018-11-21,2022-08-14,3.73
263190,85,quantex_at_home_id263190_2022_08_14_01.MP4,2018-11-21,2022-08-14,3.73
263190,101,quantex_at_home_id263190_2022_08_14_04.MP4,2018-11-21,2022-08-14,3.73
263190,134,quantex_at_home_id263190_2022_10_11_01.MP4,2018-11-21,2022-10-11,3.89
263239,32,quantex_at_home_id263239_2022_12_03_02.MP4,2019-04-04,2022-12-03,3.67
263239,87,quantex_at_home_id263239_2022_12_03_01.MP4,2019-04-04,2022-12-03,3.67
263239,38,quantex_at_home_id263239_2022_12_04_01.MP4,2019-04-04,2022-12-04,3.67
263284,33,quantex_at_home_id263284_2023_06_25_03.MP4,2019-09-05,2023-06-25,3.8
263284,34,quantex_at_home_id263284_2023_06_25_01.MP4,2019-09-05,2023-06-25,3.8
263284,57,quantex_at_home_id263284_2023_06_25_04.MP4,2019-09-05,2023-06-25,3.8
263284,66,quantex_at_home_id263284_2023_06_25_08.MP4,2019-09-05,2023-06-25,3.8
263284,121,quantex_at_home_id263284_2023_06_25_07.MP4,2019-09-05,2023-06-25,3.8
263284,122,quantex_at_home_id263284_2023_06_25_05.MP4,2019-09-05,2023-06-25,3.8
263284,123,quantex_at_home_id263284_2023_06_25_02.MP4,2019-09-05,2023-06-25,3.8
263284,136,quantex_at_home_id263284_2023_06_25_06.MP4,2019-09-05,2023-06-25,3.8
263293,39,quantex_at_home_id263293_2022_08_29_03.MP4,2018-09-13,2022-08-29,3.96
263293,88,quantex_at_home_id263293_2022_08_29_02.MP4,2018-09-13,2022-08-29,3.96
263293,96,quantex_at_home_id263293_2022_08_29_01.MP4,2018-09-13,2022-08-29,3.96
263652,315,quantex_at_home_id263652_2024_09_05_01.MP4,2019-07-12,2024-09-05,5.15
263652,339,quantex_at_home_id263652_2024_09_06_02.MP4,2019-07-12,2024-09-06,5.16
263652,342,quantex_at_home_id263652_2024_09_06_01.MP4,2019-07-12,2024-09-06,5.16
263652,357,quantex_at_home_id263652_2024_09_06_03.MP4,2019-07-12,2024-09-06,5.16
263652,368,quantex_at_home_id263652_2024_09_08_01.MP4,2019-07-12,2024-09-08,5.16
263652,410,quantex_at_home_id263652_2024_09_09_01.MP4,2019-07-12,2024-09-09,5.16
263652,428,quantex_at_home_id263652_2024_09_10_01.MP4,2019-07-12,2024-09-10,5.17
263880,76,quantex_at_home_id263880_2023_06_23_01.MP4,2020-01-02,2023-06-23,3.47
263986,201,quantex_at_home_id263986_2022_11_29_01.MP4,2018-04-14,2022-11-29,4.63
263986,286,quantex_at_home_id263986_2022_11_29_02.MP4,2018-04-14,2022-11-29,4.63
263986,229,quantex_at_home_id263986_2022_12_03_01.MP4,2018-04-14,2022-12-03,4.64
263986,232,quantex_at_home_id263986_2022_12_03_02.MP4,2018-04-14,2022-12-03,4.64
263986,161,quantex_at_home_id263986_2022_12_05_03.MP4,2018-04-14,2022-12-05,4.64
263986,200,quantex_at_home_id263986_2022_12_05_01.MP4,2018-04-14,2022-12-05,4.64
263986,240,quantex_at_home_id263986_2022_12_05_02.MP4,2018-04-14,2022-12-05,4.64
264089,5,quantex_at_home_id264089_2023_05_14_03.MP4,2019-09-04,2023-05-14,3.69
264089,79,quantex_at_home_id264089_2023_05_14_01.MP4,2019-09-04,2023-05-14,3.69
264089,112,quantex_at_home_id264089_2023_05_14_04.MP4,2019-09-04,2023-05-14,3.69
264089,148,quantex_at_home_id264089_2023_05_14_02.MP4,2019-09-04,2023-05-14,3.69
264089,83,quantex_at_home_id264089_2023_05_21_01.MP4,2019-09-04,2023-05-21,3.71
264235,91,quantex_at_home_id264235_2023_06_05_01.MP4,2020-02-21,2023-06-05,3.29
264235,141,quantex_at_home_id264235_2023_06_06_02.MP4,2020-02-21,2023-06-06,3.29
264235,151,quantex_at_home_id264235_2023_06_06_01.MP4,2020-02-21,2023-06-06,3.29
264235,138,quantex_at_home_id264235_2023_06_09_01.MP4,2020-02-21,2023-06-09,3.3
264351,172,quantex_at_home_id264351_2024_11_23_04.MP4,2020-10-09,2024-11-23,4.12
264351,175,quantex_at_home_id264351_2024_11_23_03.MP4,2020-10-09,2024-11-23,4.12
264351,239,quantex_at_home_id264351_2024_11_23_01.MP4,2020-10-09,2024-11-23,4.12
264351,259,quantex_at_home_id264351_2024_11_23_05.MP4,2020-10-09,2024-11-23,4.12
264351,279,quantex_at_home_id264351_2024_11_23_02.MP4,2020-10-09,2024-11-23,4.12
264356,35,quantex_at_home_id264356_2023_07_05_03.MP4,2019-11-01,2023-07-05,3.67
264356,107,quantex_at_home_id264356_2023_07_05_01.MP4,2019-11-01,2023-07-05,3.67
264356,110,quantex_at_home_id264356_2023_07_05_02.MP4,2019-11-01,2023-07-05,3.67
264356,139,quantex_at_home_id264356_2023_07_05_05.MP4,2019-11-01,2023-07-05,3.67
264368,263,quantex_at_home_id264368_2024_10_10_01.MP4,2019-11-20,2024-10-10,4.89
264368,297,quantex_at_home_id264368_2024_10_12_01.MP4,2019-11-20,2024-10-12,4.9
264368,302,quantex_at_home_id264368_2024_10_18_01.MP4,2019-11-20,2024-10-18,4.91
264368,289,quantex_at_home_id264368_2024_10_24_01.MP4,2019-11-20,2024-10-24,4.93
264368,154,quantex_at_home_id264368_2024_10_31_01.MP4,2019-11-20,2024-10-31,4.95
264585,16,quantex_at_home_id264585_2023_08_16_02.MP4,2019-12-29,2023-08-16,3.63
264585,95,quantex_at_home_id264585_2023_08_16_01.MP4,2019-12-29,2023-08-16,3.63
264585,100,quantex_at_home_id264585_2023_08_18_01.MP4,2019-12-29,2023-08-18,3.64
264585,17,quantex_at_home_id264585_2023_08_19_01.MP4,2019-12-29,2023-08-19,3.64
264585,119,quantex_at_home_id264585_2023_08_19_02.MP4,2019-12-29,2023-08-19,3.64
264585,55,quantex_at_home_id264585_2023_08_29_01.MP4,2019-12-29,2023-08-29,3.67
264585,61,quantex_at_home_id264585_2023_08_29_02.MP4,2019-12-29,2023-08-29,3.67
264585,14,quantex_at_home_id264585_2023_09_01_01.MP4,2019-12-29,2023-09-01,3.67
264683,249,quantex_at_home_id264683_2024_09_02_01.MP4,2020-01-27,2024-09-02,4.6
264683,293,quantex_at_home_id264683_2024_09_03_01.MP4,2020-01-27,2024-09-03,4.6
264683,301,quantex_at_home_id264683_2024_09_28_01.MP4,2020-01-27,2024-09-28,4.67
265514,326,quantex_at_home_id265514_2024_09_02_01.MP4,2019-07-06,2024-09-02,5.16
265514,314,quantex_at_home_id265514_2024_09_03_08.MP4,2019-07-06,2024-09-03,5.16
265514,327,quantex_at_home_id265514_2024_09_03_06.MP4,2019-07-06,2024-09-03,5.16
265514,329,quantex_at_home_id265514_2024_09_03_03.MP4,2019-07-06,2024-09-03,5.16
265514,341,quantex_at_home_id265514_2024_09_03_01.MP4,2019-07-06,2024-09-03,5.16
265514,379,quantex_at_home_id265514_2024_09_03_05.MP4,2019-07-06,2024-09-03,5.16
265514,415,quantex_at_home_id265514_2024_09_03_04.MP4,2019-07-06,2024-09-03,5.16
265514,418,quantex_at_home_id265514_2024_09_03_02.MP4,2019-07-06,2024-09-03,5.16
265514,423,quantex_at_home_id265514_2024_09_03_07.MP4,2019-07-06,2024-09-03,5.16
265514,338,quantex_at_home_id265514_2024_09_04_03.MP4,2019-07-06,2024-09-04,5.17
265514,384,quantex_at_home_id265514_2024_09_04_02.MP4,2019-07-06,2024-09-04,5.17
265514,434,quantex_at_home_id265514_2024_09_04_01.MP4,2019-07-06,2024-09-04,5.17
265514,412,quantex_at_home_id265514_2024_09_06_02.MP4,2019-07-06,2024-09-06,5.17
265514,420,quantex_at_home_id265514_2024_09_06_03.MP4,2019-07-06,2024-09-06,5.17
265514,437,quantex_at_home_id265514_2024_09_06_01.MP4,2019-07-06,2024-09-06,5.17
265514,438,quantex_at_home_id265514_2024_09_08_01.MP4,2019-07-06,2024-09-08,5.18
266050,7,quantex_at_home_id266050_2024_09_15_05.MP4,2021-01-31,2024-09-15,3.62
266050,30,quantex_at_home_id266050_2024_09_15_04.MP4,2021-01-31,2024-09-15,3.62
266050,40,quantex_at_home_id266050_2024_09_15_02.MP4,2021-01-31,2024-09-15,3.62
266050,111,quantex_at_home_id266050_2024_09_15_01.MP4,2021-01-31,2024-09-15,3.62
266050,145,quantex_at_home_id266050_2024_09_15_03.MP4,2021-01-31,2024-09-15,3.62
266050,37,quantex_at_home_id266050_2024_09_17_05.MP4,2021-01-31,2024-09-17,3.63
266050,44,quantex_at_home_id266050_2024_09_17_04.MP4,2021-01-31,2024-09-17,3.63
266050,80,quantex_at_home_id266050_2024_09_17_01.MP4,2021-01-31,2024-09-17,3.63
266050,140,quantex_at_home_id266050_2024_09_17_02.MP4,2021-01-31,2024-09-17,3.63
266050,147,quantex_at_home_id266050_2024_09_17_03.MP4,2021-01-31,2024-09-17,3.63
266050,10,quantex_at_home_id266050_2024_09_19_03.MP4,2021-01-31,2024-09-19,3.63
266050,25,quantex_at_home_id266050_2024_09_19_02.MP4,2021-01-31,2024-09-19,3.63
266050,28,quantex_at_home_id266050_2024_09_19_01.MP4,2021-01-31,2024-09-19,3.63
266050,19,quantex_at_home_id266050_2024_09_22_04.MP4,2021-01-31,2024-09-22,3.64
266050,22,quantex_at_home_id266050_2024_09_22_03.MP4,2021-01-31,2024-09-22,3.64
266050,27,quantex_at_home_id266050_2024_09_22_01.MP4,2021-01-31,2024-09-22,3.64
266050,74,quantex_at_home_id266050_2024_09_22_02.MP4,2021-01-31,2024-09-22,3.64
266050,105,quantex_at_home_id266050_2024_09_22_05.MP4,2021-01-31,2024-09-22,3.64
266050,114,quantex_at_home_id266050_2024_09_22_06.MP4,2021-01-31,2024-09-22,3.64
266063,142,quantex_at_home_id266063_2024_09_14_01.MP4,2021-03-13,2024-09-14,3.51
266063,103,quantex_at_home_id266063_2024_09_15_01.MP4,2021-03-13,2024-09-15,3.51
266063,47,quantex_at_home_id266063_2024_09_19_01.MP4,2021-03-13,2024-09-19,3.52
266063,43,quantex_at_home_id266063_2024_09_22_01.MP4,2021-03-13,2024-09-22,3.53
266063,8,quantex_at_home_id266063_2024_09_29_01.MP4,2021-03-13,2024-09-29,3.55
266151,15,quantex_at_home_id266151_2024_09_14_02.MP4,2021-01-31,2024-09-14,3.62
266151,71,quantex_at_home_id266151_2024_09_14_01.MP4,2021-01-31,2024-09-14,3.62
266151,146,quantex_at_home_id266151_2024_09_21_01.MP4,2021-01-31,2024-09-21,3.64
266606,171,quantex_at_home_id266606_2024_09_03_01.MP4,2020-02-25,2024-09-03,4.52
266606,189,quantex_at_home_id266606_2024_09_03_02.MP4,2020-02-25,2024-09-03,4.52
266606,300,quantex_at_home_id266606_2024_09_04_01.MP4,2020-02-25,2024-09-04,4.53
266606,213,quantex_at_home_id266606_2024_09_10_01.MP4,2020-02-25,2024-09-10,4.54
266606,288,quantex_at_home_id266606_2024_09_10_02.MP4,2020-02-25,2024-09-10,4.54
266606,207,quantex_at_home_id266606_2024_09_12_02.MP4,2020-02-25,2024-09-12,4.55
266606,295,quantex_at_home_id266606_2024_09_12_01.MP4,2020-02-25,2024-09-12,4.55
266606,180,quantex_at_home_id266606_2024_09_15_01.MP4,2020-02-25,2024-09-15,4.56
266822,397,quantex_at_home_id266822_2022_11_11_01.MP4,2017-04-21,2022-11-11,5.56
266822,328,quantex_at_home_id266822_2022_11_12_01.MP4,2017-04-21,2022-11-12,5.56
266822,435,quantex_at_home_id266822_2022_11_12_02.MP4,2017-04-21,2022-11-12,5.56
266822,319,quantex_at_home_id266822_2022_11_13_03.MP4,2017-04-21,2022-11-13,5.56
266822,414,quantex_at_home_id266822_2022_11_13_01.MP4,2017-04-21,2022-11-13,5.56
266822,310,quantex_at_home_id266822_2022_11_14_02.MP4,2017-04-21,2022-11-14,5.57
266822,337,quantex_at_home_id266822_2022_11_14_01.MP4,2017-04-21,2022-11-14,5.57
266822,374,quantex_at_home_id266822_2022_11_17_01.MP4,2017-04-21,2022-11-17,5.57
266971,86,quantex_at_home_id266971_2024_09_03_01.MP4,2021-02-02,2024-09-03,3.58
266971,98,quantex_at_home_id266971_2024_09_03_02.MP4,2021-02-02,2024-09-03,3.58
266971,132,quantex_at_home_id266971_2024_09_04_01.MP4,2021-02-02,2024-09-04,3.59
266971,3,quantex_at_home_id266971_2024_09_06_02.MP4,2021-02-02,2024-09-06,3.59
266971,11,quantex_at_home_id266971_2024_09_06_04.MP4,2021-02-02,2024-09-06,3.59
266971,31,quantex_at_home_id266971_2024_09_06_01.MP4,2021-02-02,2024-09-06,3.59
266971,102,quantex_at_home_id266971_2024_09_06_03.MP4,2021-02-02,2024-09-06,3.59
266971,21,quantex_at_home_id266971_2024_09_08_02.MP4,2021-02-02,2024-09-08,3.6
266971,77,quantex_at_home_id266971_2024_09_08_01.MP4,2021-02-02,2024-09-08,3.6
266971,36,quantex_at_home_id266971_2024_09_12_02.MP4,2021-02-02,2024-09-12,3.61
266971,63,quantex_at_home_id266971_2024_09_12_03.MP4,2021-02-02,2024-09-12,3.61
266971,70,quantex_at_home_id266971_2024_09_12_01.MP4,2021-02-02,2024-09-12,3.61
267094,252,quantex_at_home_id267094_2023_03_29_01.MP4,2018-12-05,2023-03-29,4.31
267094,215,quantex_at_home_id267094_2023_03_31_01.MP4,2018-12-05,2023-03-31,4.32
267094,173,quantex_at_home_id267094_2023_04_06_01.MP4,2018-12-05,2023-04-06,4.33
267094,199,quantex_at_home_id267094_2023_04_06_02.MP4,2018-12-05,2023-04-06,4.33
267863,62,quantex_at_home_id267863_2022_08_17_01.MP4,2019-09-09,2022-08-17,2.94
267863,72,quantex_at_home_id267863_2022_08_23_02.MP4,2019-09-09,2022-08-23,2.95
267863,131,quantex_at_home_id267863_2022_08_23_01.MP4,2019-09-09,2022-08-23,2.95
267863,42,quantex_at_home_id267863_2022_10_03_01.MP4,2019-09-09,2022-10-03,3.07
268898,165,quantex_at_home_id268898_2022_11_30_02.MP4,2018-08-28,2022-11-30,4.26
268898,181,quantex_at_home_id268898_2022_11_30_03.MP4,2018-08-28,2022-11-30,4.26
268898,223,quantex_at_home_id268898_2022_11_30_01.MP4,2018-08-28,2022-11-30,4.26
268898,190,quantex_at_home_id268898_2022_12_15_01.MP4,2018-08-28,2022-12-15,4.3
268898,197,quantex_at_home_id268898_2022_12_15_03.MP4,2018-08-28,2022-12-15,4.3
268898,222,quantex_at_home_id268898_2022_12_15_02.MP4,2018-08-28,2022-12-15,4.3
271611,382,quantex_at_home_id271611_2024_09_03_01.MP4,2019-05-31,2024-09-03,5.26
271611,306,quantex_at_home_id271611_2024_09_04_01.MP4,2019-05-31,2024-09-04,5.26
271611,362,quantex_at_home_id271611_2024_09_06_01.MP4,2019-05-31,2024-09-06,5.27
271611,364,quantex_at_home_id271611_2024_09_08_02.MP4,2019-05-31,2024-09-08,5.28
271611,392,quantex_at_home_id271611_2024_09_08_04.MP4,2019-05-31,2024-09-08,5.28
271611,399,quantex_at_home_id271611_2024_09_08_03.MP4,2019-05-31,2024-09-08,5.28
271611,441,quantex_at_home_id271611_2024_09_08_01.MP4,2019-05-31,2024-09-08,5.28
271700,360,quantex_at_home_id271700_2023_03_08_01.MP4,2017-05-15,2023-03-08,5.81
271700,391,quantex_at_home_id271700_2023_03_27_01.MP4,2017-05-15,2023-03-27,5.86
271700,344,quantex_at_home_id271700_2023_06_08_02.MP4,2017-05-15,2023-06-08,6.06
271700,359,quantex_at_home_id271700_2023_06_08_01.MP4,2017-05-15,2023-06-08,6.06
271700,393,quantex_at_home_id271700_2023_06_16_01.MP4,2017-05-15,2023-06-16,6.09
271700,436,quantex_at_home_id271700_2023_06_19_01.MP4,2017-05-15,2023-06-19,6.09
272475,453,quantex_at_home_id272475_2024_10_30_01.MP4,2019-05-21,2024-10-30,5.45
272475,333,quantex_at_home_id272475_2024_11_02_02.MP4,2019-05-21,2024-11-02,5.45
272475,422,quantex_at_home_id272475_2024_11_02_01.MP4,2019-05-21,2024-11-02,5.45
272475,443,quantex_at_home_id272475_2024_11_02_03.MP4,2019-05-21,2024-11-02,5.45
273855,104,quantex_at_home_id273855_2023_06_04_01.MP4,2019-07-13,2023-06-04,3.89
273855,106,quantex_at_home_id273855_2023_06_04_02.MP4,2019-07-13,2023-06-04,3.89
273855,93,quantex_at_home_id273855_2023_06_08_01.MP4,2019-07-13,2023-06-08,3.9
273855,108,quantex_at_home_id273855_2023_06_08_02.MP4,2019-07-13,2023-06-08,3.9
273855,20,quantex_at_home_id273855_2023_06_09_02.MP4,2019-07-13,2023-06-09,3.91
273855,90,quantex_at_home_id273855_2023_06_09_01.MP4,2019-07-13,2023-06-09,3.91
275411,177,quantex_at_home_id275411_2024_11_20_01.MP4,2020-10-21,2024-11-20,4.08
275411,160,quantex_at_home_id275411_2024_11_22_01.MP4,2020-10-21,2024-11-22,4.09
275411,211,quantex_at_home_id275411_2024_11_22_02.MP4,2020-10-21,2024-11-22,4.09
275411,281,quantex_at_home_id275411_2024_11_22_03.MP4,2020-10-21,2024-11-22,4.09
275411,187,quantex_at_home_id275411_2024_11_23_03.MP4,2020-10-21,2024-11-23,4.09
275411,227,quantex_at_home_id275411_2024_11_23_02.MP4,2020-10-21,2024-11-23,4.09
275411,233,quantex_at_home_id275411_2024_11_23_04.MP4,2020-10-21,2024-11-23,4.09
275411,287,quantex_at_home_id275411_2024_11_23_01.MP4,2020-10-21,2024-11-23,4.09
