ID;gender;birthday
260040;Male;11.02.2018
266799;Female;12.02.2018
262472;Male;13.03.2019
260371;Female;09.02.2018
263229;Male;12.12.2018
262564;Female;27.12.2018
260439;Female;16.02.2018
277887;Male;27.12.2019
265705;Female;11.05.2020
265706;Female;18.09.2018
264433;Female;09.05.2020
263157;Female;17.01.2019
263526;Male;19.07.2019
266935;Male;29.08.2018
262472;Male;13.03.2019
265706;Female;18.09.2018
265705;Female;11.05.2020
262564;Female;27.12.2018
263229;Male;12.12.2018
264436;Male;20.01.2020
260439;Female;16.02.2018
269704;Female;20.01.2020
264433;Female;09.05.2020
260040;Male;11.02.2018
264751;Male;24.12.2019
264304;Male;15.05.2020
264752;Male;24.12.2019
260777;Female;05.06.2018
277887;Male;27.12.2019
263157;Female;17.01.2019
260444;Male;08.04.2018
276521;Male;14.05.2020
262472;Male;13.03.2019
265891;Female;25.12.2020
264426;Female;05.10.2020
266799;Female;12.02.2018
267245;Female;04.10.2020
264436;Male;20.01.2020
262381;Female;22.07.2019
262222;Male;26.07.2019
265891;Female;25.12.2020
265566;Male;12.12.2020
260444;Male;08.04.2018
264614;Female;23.09.2020
262944;Male;09.09.2019
267245;Female;04.10.2020
265688;Male;18.11.2020
264304;Male;15.05.2020
260777;Female;05.06.2018
262181;Female;05.09.2019
260730;Female;17.05.2018
262020;Male;18.03.2019
260455;Female;17.05.2018
260730;Female;17.05.2018
262181;Female;05.09.2019
266935;Male;29.08.2018
262381;Female;22.07.2019
264614;Female;23.09.2020
262222;Male;26.07.2019
264521;Male;12.09.2020
266216;Female;03.01.2021
262020;Male;18.03.2019
262381;Female;22.07.2019
264395;Female;11.12.2019
262181;Female;05.09.2019
265688;Male;18.11.2020
271693;Male;07.08.2019
260455;Female;17.05.2018
260126;Female;16.05.2018
265566;Male;12.12.2020
260444;Male;08.04.2018
260730;Female;17.05.2018
264633;Female;04.09.2020
262944;Male;09.09.2019
262181;Female;05.09.2019
265619;Female;31.01.2021
260455;Female;17.05.2018
262703;Male;16.10.2018
280989;Female;13.01.2021
262152;Female;24.09.2019
264521;Male;12.09.2020
260126;Female;16.05.2018
263338;Male;26.09.2019
260126;Female;16.05.2018
262661;Female;09.08.2019
280599;Male;16.11.2019
271693;Male;07.08.2019
264395;Female;11.12.2019
265619;Female;31.01.2021
266216;Female;03.01.2021
264362;Female;26.12.2019
265674;Female;22.06.2018
266686;Male;24.01.2021
280817;Male;16.08.2019
264362;Female;26.12.2019
276521;Male;14.05.2020
262661;Female;09.08.2019
279536;Female;26.01.2021
264576;Male;11.09.2020
264745;Male;30.08.2020
279536;Female;26.01.2021
275146;Male;26.02.2020
271735;Female;05.12.2019
265290;Male;12.04.2021
263338;Male;26.09.2019
279536;Female;26.01.2021
265943;Female;29.01.2021
268900;Male;28.05.2020
280817;Male;16.08.2019
280599;Male;16.11.2019
280429;Female;05.12.2018
262703;Male;16.10.2018
280989;Female;13.01.2021
275146;Male;26.02.2020
265674;Female;22.06.2018
266686;Male;24.01.2021
265290;Male;12.04.2021
265674;Female;22.06.2018
266686;Male;24.01.2021
262174;Female;08.09.2019
262920;Male;09.10.2018
280429;Female;05.12.2018
260062;Male;27.08.2018
265943;Female;29.01.2021
262703;Male;16.10.2018
264576;Male;11.09.2020
271735;Female;05.12.2019
267139;Female;21.07.2018
262500;Male;31.03.2019
262273;Male;27.04.2019
266369;Male;26.02.2021
267139;Female;21.07.2018
275146;Male;26.02.2020
262511;Male;08.03.2019
262249;Female;12.08.2019
279613;Female;22.04.2021
279886;Female;26.04.2019
262174;Female;08.09.2019
262273;Male;27.04.2019
260062;Male;27.08.2018
266369;Male;26.02.2021
262495;Male;07.03.2019
279886;Female;26.04.2019
265568;Female;03.01.2021
280427;Female;07.02.2020
262920;Male;09.10.2018
263265;Female;26.12.2018
268900;Male;28.05.2020
273291;Male;08.10.2018
280427;Female;07.02.2020
262495;Male;07.03.2019
279613;Female;22.04.2021
263265;Female;26.12.2018
273291;Male;08.10.2018
265568;Female;03.01.2021
265568;Female;03.01.2021